image_id,cluster
3,cluster_LynxID2025_0000
5,cluster_LynxID2025_0001
12,cluster_LynxID2025_0002
13,cluster_LynxID2025_0000
18,cluster_LynxID2025_0000
19,cluster_LynxID2025_0064
27,cluster_LynxID2025_0052
33,cluster_LynxID2025_0003
36,cluster_LynxID2025_0004
45,cluster_LynxID2025_0060
46,cluster_LynxID2025_0005
47,cluster_LynxID2025_0063
48,cluster_LynxID2025_0004
49,cluster_LynxID2025_0004
55,cluster_LynxID2025_0006
58,cluster_LynxID2025_0007
61,cluster_LynxID2025_0008
62,cluster_LynxID2025_0003
63,cluster_LynxID2025_0009
64,cluster_LynxID2025_0047
65,cluster_LynxID2025_0048
67,cluster_LynxID2025_0010
68,cluster_LynxID2025_0011
74,cluster_LynxID2025_0008
81,cluster_LynxID2025_0012
84,cluster_LynxID2025_0004
85,cluster_LynxID2025_0001
86,cluster_LynxID2025_0013
89,cluster_LynxID2025_0001
90,cluster_LynxID2025_0004
94,cluster_LynxID2025_0051
97,cluster_LynxID2025_0013
98,cluster_LynxID2025_0006
106,cluster_LynxID2025_0004
113,cluster_LynxID2025_0050
123,cluster_LynxID2025_0003
124,cluster_LynxID2025_0003
126,cluster_LynxID2025_0008
131,cluster_LynxID2025_0014
137,cluster_LynxID2025_0054
139,cluster_LynxID2025_0004
145,cluster_LynxID2025_0006
150,cluster_LynxID2025_0015
163,cluster_LynxID2025_0013
166,cluster_LynxID2025_0007
167,cluster_LynxID2025_0002
168,cluster_LynxID2025_0000
171,cluster_LynxID2025_0013
173,cluster_LynxID2025_0015
182,cluster_LynxID2025_0004
183,cluster_LynxID2025_0054
186,cluster_LynxID2025_0000
188,cluster_LynxID2025_0013
190,cluster_LynxID2025_0008
192,cluster_LynxID2025_0016
195,cluster_LynxID2025_0060
202,cluster_LynxID2025_0050
203,cluster_LynxID2025_0004
205,cluster_LynxID2025_0000
209,cluster_LynxID2025_0002
210,cluster_LynxID2025_0002
213,cluster_LynxID2025_0004
216,cluster_LynxID2025_0001
219,cluster_LynxID2025_0013
221,cluster_LynxID2025_0000
228,cluster_LynxID2025_0017
231,cluster_LynxID2025_0003
240,cluster_LynxID2025_0063
242,cluster_LynxID2025_0047
245,cluster_LynxID2025_0013
264,cluster_LynxID2025_0000
266,cluster_LynxID2025_0018
273,cluster_LynxID2025_0001
276,cluster_LynxID2025_0014
280,cluster_LynxID2025_0013
282,cluster_LynxID2025_0013
286,cluster_LynxID2025_0050
289,cluster_LynxID2025_0000
293,cluster_LynxID2025_0003
294,cluster_LynxID2025_0004
296,cluster_LynxID2025_0015
311,cluster_LynxID2025_0004
312,cluster_LynxID2025_0019
315,cluster_LynxID2025_0020
338,cluster_LynxID2025_0063
347,cluster_LynxID2025_0000
357,cluster_LynxID2025_0000
359,cluster_LynxID2025_0013
361,cluster_LynxID2025_0021
366,cluster_LynxID2025_0007
368,cluster_LynxID2025_0004
373,cluster_LynxID2025_0001
375,cluster_LynxID2025_0022
378,cluster_LynxID2025_0013
380,cluster_LynxID2025_0005
397,cluster_LynxID2025_0006
411,cluster_LynxID2025_0006
415,cluster_LynxID2025_0004
422,cluster_LynxID2025_0000
423,cluster_LynxID2025_0004
424,cluster_LynxID2025_0003
427,cluster_LynxID2025_0063
429,cluster_LynxID2025_0063
431,cluster_LynxID2025_0013
432,cluster_LynxID2025_0023
437,cluster_LynxID2025_0010
439,cluster_LynxID2025_0004
443,cluster_LynxID2025_0002
454,cluster_LynxID2025_0000
459,cluster_LynxID2025_0000
465,cluster_LynxID2025_0024
469,cluster_LynxID2025_0000
470,cluster_LynxID2025_0009
474,cluster_LynxID2025_0025
475,cluster_LynxID2025_0057
478,cluster_LynxID2025_0058
479,cluster_LynxID2025_0000
480,cluster_LynxID2025_0000
481,cluster_LynxID2025_0001
482,cluster_LynxID2025_0063
491,cluster_LynxID2025_0050
494,cluster_LynxID2025_0047
500,cluster_LynxID2025_0007
501,cluster_LynxID2025_0050
507,cluster_LynxID2025_0004
509,cluster_LynxID2025_0026
512,cluster_LynxID2025_0063
515,cluster_LynxID2025_0006
516,cluster_LynxID2025_0063
519,cluster_LynxID2025_0021
520,cluster_LynxID2025_0016
522,cluster_LynxID2025_0047
524,cluster_LynxID2025_0003
526,cluster_LynxID2025_0013
530,cluster_LynxID2025_0003
537,cluster_LynxID2025_0020
544,cluster_LynxID2025_0006
547,cluster_LynxID2025_0020
549,cluster_LynxID2025_0008
551,cluster_LynxID2025_0000
552,cluster_LynxID2025_0012
555,cluster_LynxID2025_0007
559,cluster_LynxID2025_0063
562,cluster_LynxID2025_0000
565,cluster_LynxID2025_0020
567,cluster_LynxID2025_0050
569,cluster_LynxID2025_0004
570,cluster_LynxID2025_0027
573,cluster_LynxID2025_0054
577,cluster_LynxID2025_0001
578,cluster_LynxID2025_0013
579,cluster_LynxID2025_0000
580,cluster_LynxID2025_0008
583,cluster_LynxID2025_0002
584,cluster_LynxID2025_0020
588,cluster_LynxID2025_0004
589,cluster_LynxID2025_0004
591,cluster_LynxID2025_0016
592,cluster_LynxID2025_0016
594,cluster_LynxID2025_0028
595,cluster_LynxID2025_0020
599,cluster_LynxID2025_0010
602,cluster_LynxID2025_0010
603,cluster_LynxID2025_0014
611,cluster_LynxID2025_0063
620,cluster_LynxID2025_0049
625,cluster_LynxID2025_0002
626,cluster_LynxID2025_0061
628,cluster_LynxID2025_0014
630,cluster_LynxID2025_0000
636,cluster_LynxID2025_0001
643,cluster_LynxID2025_0005
645,cluster_LynxID2025_0013
648,cluster_LynxID2025_0001
649,cluster_LynxID2025_0002
651,cluster_LynxID2025_0063
655,cluster_LynxID2025_0029
656,cluster_LynxID2025_0004
662,cluster_LynxID2025_0006
669,cluster_LynxID2025_0013
670,cluster_LynxID2025_0004
672,cluster_LynxID2025_0008
673,cluster_LynxID2025_0030
676,cluster_LynxID2025_0006
678,cluster_LynxID2025_0006
683,cluster_LynxID2025_0002
685,cluster_LynxID2025_0000
690,cluster_LynxID2025_0014
694,cluster_LynxID2025_0057
699,cluster_LynxID2025_0003
704,cluster_LynxID2025_0013
707,cluster_LynxID2025_0014
711,cluster_LynxID2025_0004
712,cluster_LynxID2025_0013
713,cluster_LynxID2025_0004
715,cluster_LynxID2025_0062
719,cluster_LynxID2025_0002
722,cluster_LynxID2025_0004
724,cluster_LynxID2025_0005
726,cluster_LynxID2025_0063
730,cluster_LynxID2025_0062
734,cluster_LynxID2025_0006
735,cluster_LynxID2025_0031
738,cluster_LynxID2025_0002
739,cluster_LynxID2025_0050
741,cluster_LynxID2025_0063
749,cluster_LynxID2025_0009
750,cluster_LynxID2025_0063
751,cluster_LynxID2025_0063
753,cluster_LynxID2025_0030
760,cluster_LynxID2025_0032
761,cluster_LynxID2025_0004
764,cluster_LynxID2025_0063
766,cluster_LynxID2025_0001
770,cluster_LynxID2025_0063
776,cluster_LynxID2025_0053
781,cluster_LynxID2025_0004
782,cluster_LynxID2025_0013
784,cluster_LynxID2025_0021
786,cluster_LynxID2025_0000
787,cluster_LynxID2025_0050
790,cluster_LynxID2025_0003
791,cluster_LynxID2025_0000
793,cluster_LynxID2025_0063
794,cluster_LynxID2025_0014
795,cluster_LynxID2025_0004
797,cluster_LynxID2025_0002
798,cluster_LynxID2025_0013
800,cluster_LynxID2025_0063
804,cluster_LynxID2025_0016
808,cluster_LynxID2025_0002
817,cluster_LynxID2025_0052
819,cluster_LynxID2025_0001
824,cluster_LynxID2025_0006
840,cluster_LynxID2025_0000
849,cluster_LynxID2025_0012
855,cluster_LynxID2025_0020
859,cluster_LynxID2025_0006
865,cluster_LynxID2025_0052
871,cluster_LynxID2025_0004
872,cluster_LynxID2025_0000
874,cluster_LynxID2025_0063
881,cluster_LynxID2025_0008
886,cluster_LynxID2025_0006
887,cluster_LynxID2025_0002
893,cluster_LynxID2025_0001
897,cluster_LynxID2025_0058
904,cluster_LynxID2025_0013
907,cluster_LynxID2025_0063
915,cluster_LynxID2025_0063
917,cluster_LynxID2025_0013
920,cluster_LynxID2025_0015
939,cluster_LynxID2025_0001
941,cluster_LynxID2025_0019
945,cluster_LynxID2025_0013
951,cluster_LynxID2025_0010
962,cluster_LynxID2025_0059
963,cluster_LynxID2025_0001
964,cluster_LynxID2025_0055
969,cluster_LynxID2025_0013
980,cluster_LynxID2025_0013
983,cluster_LynxID2025_0014
985,cluster_LynxID2025_0000
990,cluster_LynxID2025_0004
991,cluster_LynxID2025_0063
992,cluster_LynxID2025_0000
994,cluster_LynxID2025_0004
995,cluster_LynxID2025_0015
1000,cluster_LynxID2025_0060
1001,cluster_LynxID2025_0003
1005,cluster_LynxID2025_0010
1006,cluster_LynxID2025_0007
1008,cluster_LynxID2025_0013
1011,cluster_LynxID2025_0059
1012,cluster_LynxID2025_0001
1013,cluster_LynxID2025_0056
1019,cluster_LynxID2025_0006
1021,cluster_LynxID2025_0000
1031,cluster_LynxID2025_0013
1034,cluster_LynxID2025_0060
1039,cluster_LynxID2025_0013
1042,cluster_LynxID2025_0004
1045,cluster_LynxID2025_0063
1046,cluster_LynxID2025_0015
1047,cluster_LynxID2025_0010
1048,cluster_LynxID2025_0010
1053,cluster_LynxID2025_0051
1055,cluster_LynxID2025_0002
1057,cluster_LynxID2025_0004
1060,cluster_LynxID2025_0013
1064,cluster_LynxID2025_0058
1065,cluster_LynxID2025_0030
1068,cluster_LynxID2025_0004
1069,cluster_LynxID2025_0062
1071,cluster_LynxID2025_0015
1075,cluster_LynxID2025_0010
1089,cluster_LynxID2025_0020
1090,cluster_LynxID2025_0010
1094,cluster_LynxID2025_0006
1095,cluster_LynxID2025_0014
1096,cluster_LynxID2025_0003
1107,cluster_LynxID2025_0013
1108,cluster_LynxID2025_0056
1111,cluster_LynxID2025_0013
1115,cluster_LynxID2025_0013
1119,cluster_LynxID2025_0004
1120,cluster_LynxID2025_0063
1122,cluster_LynxID2025_0013
1131,cluster_LynxID2025_0033
1135,cluster_LynxID2025_0013
1137,cluster_LynxID2025_0063
1139,cluster_LynxID2025_0020
1143,cluster_LynxID2025_0000
1147,cluster_LynxID2025_0011
1153,cluster_LynxID2025_0063
1154,cluster_LynxID2025_0001
1162,cluster_LynxID2025_0061
1163,cluster_LynxID2025_0063
1164,cluster_LynxID2025_0020
1175,cluster_LynxID2025_0002
1182,cluster_LynxID2025_0034
1191,cluster_LynxID2025_0005
1192,cluster_LynxID2025_0006
1197,cluster_LynxID2025_0001
1198,cluster_LynxID2025_0009
1203,cluster_LynxID2025_0009
1205,cluster_LynxID2025_0000
1207,cluster_LynxID2025_0013
1209,cluster_LynxID2025_0002
1211,cluster_LynxID2025_0004
1213,cluster_LynxID2025_0057
1214,cluster_LynxID2025_0001
1221,cluster_LynxID2025_0059
1223,cluster_LynxID2025_0054
1225,cluster_LynxID2025_0000
1232,cluster_LynxID2025_0004
1233,cluster_LynxID2025_0063
1234,cluster_LynxID2025_0001
1235,cluster_LynxID2025_0001
1237,cluster_LynxID2025_0013
1245,cluster_LynxID2025_0000
1247,cluster_LynxID2025_0001
1248,cluster_LynxID2025_0062
1249,cluster_LynxID2025_0015
1255,cluster_LynxID2025_0002
1259,cluster_LynxID2025_0006
1264,cluster_LynxID2025_0052
1266,cluster_LynxID2025_0000
1267,cluster_LynxID2025_0021
1270,cluster_LynxID2025_0054
1271,cluster_LynxID2025_0063
1277,cluster_LynxID2025_0013
1278,cluster_LynxID2025_0014
1280,cluster_LynxID2025_0001
1288,cluster_LynxID2025_0063
1297,cluster_LynxID2025_0013
1309,cluster_LynxID2025_0006
1311,cluster_LynxID2025_0035
1313,cluster_LynxID2025_0016
1318,cluster_LynxID2025_0011
1322,cluster_LynxID2025_0011
1325,cluster_LynxID2025_0001
1330,cluster_LynxID2025_0013
1335,cluster_LynxID2025_0002
1343,cluster_LynxID2025_0000
1345,cluster_LynxID2025_0016
1349,cluster_LynxID2025_0036
1351,cluster_LynxID2025_0012
1353,cluster_LynxID2025_0030
1363,cluster_LynxID2025_0000
1367,cluster_LynxID2025_0030
1368,cluster_LynxID2025_0001
1370,cluster_LynxID2025_0004
1371,cluster_LynxID2025_0017
1375,cluster_LynxID2025_0001
1385,cluster_LynxID2025_0063
1388,cluster_LynxID2025_0001
1392,cluster_LynxID2025_0030
1394,cluster_LynxID2025_0020
1399,cluster_LynxID2025_0005
1403,cluster_LynxID2025_0037
1406,cluster_LynxID2025_0063
1410,cluster_LynxID2025_0013
1413,cluster_LynxID2025_0036
1416,cluster_LynxID2025_0013
1421,cluster_LynxID2025_0020
1425,cluster_LynxID2025_0010
1427,cluster_LynxID2025_0005
1428,cluster_LynxID2025_0001
1431,cluster_LynxID2025_0015
1432,cluster_LynxID2025_0020
1433,cluster_LynxID2025_0006
1439,cluster_LynxID2025_0003
1441,cluster_LynxID2025_0013
1444,cluster_LynxID2025_0019
1447,cluster_LynxID2025_0028
1453,cluster_LynxID2025_0001
1454,cluster_LynxID2025_0018
1455,cluster_LynxID2025_0004
1457,cluster_LynxID2025_0002
1465,cluster_LynxID2025_0001
1466,cluster_LynxID2025_0016
1474,cluster_LynxID2025_0006
1475,cluster_LynxID2025_0016
1491,cluster_LynxID2025_0001
1492,cluster_LynxID2025_0001
1493,cluster_LynxID2025_0004
1494,cluster_LynxID2025_0000
1504,cluster_LynxID2025_0002
1509,cluster_LynxID2025_0038
1513,cluster_LynxID2025_0004
1525,cluster_LynxID2025_0063
1526,cluster_LynxID2025_0003
1527,cluster_LynxID2025_0060
1538,cluster_LynxID2025_0006
1539,cluster_LynxID2025_0047
1541,cluster_LynxID2025_0013
1545,cluster_LynxID2025_0020
1546,cluster_LynxID2025_0039
1547,cluster_LynxID2025_0023
1550,cluster_LynxID2025_0003
1557,cluster_LynxID2025_0001
1559,cluster_LynxID2025_0048
1566,cluster_LynxID2025_0020
1573,cluster_LynxID2025_0004
1574,cluster_LynxID2025_0000
1575,cluster_LynxID2025_0006
1578,cluster_LynxID2025_0014
1580,cluster_LynxID2025_0006
1583,cluster_LynxID2025_0063
1585,cluster_LynxID2025_0060
1586,cluster_LynxID2025_0054
1588,cluster_LynxID2025_0005
1592,cluster_LynxID2025_0003
1594,cluster_LynxID2025_0012
1596,cluster_LynxID2025_0063
1600,cluster_LynxID2025_0005
1607,cluster_LynxID2025_0004
1610,cluster_LynxID2025_0063
1612,cluster_LynxID2025_0050
1615,cluster_LynxID2025_0009
1616,cluster_LynxID2025_0004
1619,cluster_LynxID2025_0001
1621,cluster_LynxID2025_0063
1625,cluster_LynxID2025_0063
1628,cluster_LynxID2025_0020
1631,cluster_LynxID2025_0004
1632,cluster_LynxID2025_0013
1641,cluster_LynxID2025_0004
1643,cluster_LynxID2025_0003
1651,cluster_LynxID2025_0013
1652,cluster_LynxID2025_0001
1659,cluster_LynxID2025_0004
1660,cluster_LynxID2025_0004
1666,cluster_LynxID2025_0013
1673,cluster_LynxID2025_0013
1674,cluster_LynxID2025_0063
1681,cluster_LynxID2025_0001
1684,cluster_LynxID2025_0001
1688,cluster_LynxID2025_0030
1689,cluster_LynxID2025_0006
1694,cluster_LynxID2025_0036
1701,cluster_LynxID2025_0012
1704,cluster_LynxID2025_0001
1714,cluster_LynxID2025_0011
1725,cluster_LynxID2025_0013
1726,cluster_LynxID2025_0006
1728,cluster_LynxID2025_0014
1735,cluster_LynxID2025_0001
1743,cluster_LynxID2025_0059
1744,cluster_LynxID2025_0006
1749,cluster_LynxID2025_0017
1759,cluster_LynxID2025_0030
1774,cluster_LynxID2025_0010
1776,cluster_LynxID2025_0007
1777,cluster_LynxID2025_0020
1790,cluster_LynxID2025_0063
1795,cluster_LynxID2025_0013
1804,cluster_LynxID2025_0004
1806,cluster_LynxID2025_0021
1812,cluster_LynxID2025_0009
1818,cluster_LynxID2025_0020
1820,cluster_LynxID2025_0001
1823,cluster_LynxID2025_0063
1829,cluster_LynxID2025_0017
1834,cluster_LynxID2025_0013
1835,cluster_LynxID2025_0013
1836,cluster_LynxID2025_0004
1840,cluster_LynxID2025_0063
1843,cluster_LynxID2025_0010
1854,cluster_LynxID2025_0004
1861,cluster_LynxID2025_0020
1867,cluster_LynxID2025_0000
1869,cluster_LynxID2025_0001
1870,cluster_LynxID2025_0008
1871,cluster_LynxID2025_0014
1873,cluster_LynxID2025_0012
1874,cluster_LynxID2025_0001
1878,cluster_LynxID2025_0001
1892,cluster_LynxID2025_0054
1894,cluster_LynxID2025_0062
1897,cluster_LynxID2025_0040
1899,cluster_LynxID2025_0003
1901,cluster_LynxID2025_0013
1903,cluster_LynxID2025_0002
1913,cluster_LynxID2025_0000
1917,cluster_LynxID2025_0013
1921,cluster_LynxID2025_0003
1923,cluster_LynxID2025_0013
1925,cluster_LynxID2025_0055
1930,cluster_LynxID2025_0004
1935,cluster_LynxID2025_0010
1936,cluster_LynxID2025_0004
1937,cluster_LynxID2025_0054
1939,cluster_LynxID2025_0041
1941,cluster_LynxID2025_0063
1943,cluster_LynxID2025_0004
1945,cluster_LynxID2025_0004
1951,cluster_LynxID2025_0015
1955,cluster_LynxID2025_0063
1957,cluster_LynxID2025_0000
1961,cluster_LynxID2025_0013
1965,cluster_LynxID2025_0016
1969,cluster_LynxID2025_0001
1971,cluster_LynxID2025_0014
1975,cluster_LynxID2025_0054
1981,cluster_LynxID2025_0007
1985,cluster_LynxID2025_0013
1991,cluster_LynxID2025_0003
2005,cluster_LynxID2025_0004
2007,cluster_LynxID2025_0038
2008,cluster_LynxID2025_0004
2014,cluster_LynxID2025_0001
2029,cluster_LynxID2025_0013
2030,cluster_LynxID2025_0003
2035,cluster_LynxID2025_0059
2037,cluster_LynxID2025_0006
2038,cluster_LynxID2025_0013
2040,cluster_LynxID2025_0016
2044,cluster_LynxID2025_0042
2049,cluster_LynxID2025_0004
2057,cluster_LynxID2025_0013
2058,cluster_LynxID2025_0004
2078,cluster_LynxID2025_0001
2079,cluster_LynxID2025_0021
2081,cluster_LynxID2025_0009
2082,cluster_LynxID2025_0030
2086,cluster_LynxID2025_0006
2090,cluster_LynxID2025_0059
2091,cluster_LynxID2025_0013
2105,cluster_LynxID2025_0013
2106,cluster_LynxID2025_0001
2107,cluster_LynxID2025_0030
2110,cluster_LynxID2025_0040
2117,cluster_LynxID2025_0063
2118,cluster_LynxID2025_0001
2119,cluster_LynxID2025_0001
2124,cluster_LynxID2025_0004
2127,cluster_LynxID2025_0003
2129,cluster_LynxID2025_0013
2136,cluster_LynxID2025_0013
2137,cluster_LynxID2025_0000
2144,cluster_LynxID2025_0016
2146,cluster_LynxID2025_0013
2151,cluster_LynxID2025_0006
2161,cluster_LynxID2025_0063
2164,cluster_LynxID2025_0001
2166,cluster_LynxID2025_0008
2169,cluster_LynxID2025_0000
2170,cluster_LynxID2025_0007
2174,cluster_LynxID2025_0013
2178,cluster_LynxID2025_0001
2184,cluster_LynxID2025_0013
2190,cluster_LynxID2025_0016
2196,cluster_LynxID2025_0016
2198,cluster_LynxID2025_0043
2200,cluster_LynxID2025_0013
2205,cluster_LynxID2025_0002
2207,cluster_LynxID2025_0000
2208,cluster_LynxID2025_0013
2219,cluster_LynxID2025_0016
2220,cluster_LynxID2025_0030
2222,cluster_LynxID2025_0000
2226,cluster_LynxID2025_0006
2228,cluster_LynxID2025_0000
2231,cluster_LynxID2025_0063
2232,cluster_LynxID2025_0063
2235,cluster_LynxID2025_0014
2246,cluster_LynxID2025_0004
2248,cluster_LynxID2025_0032
2257,cluster_LynxID2025_0041
2265,cluster_LynxID2025_0005
2268,cluster_LynxID2025_0015
2272,cluster_LynxID2025_0063
2283,cluster_LynxID2025_0061
2290,cluster_LynxID2025_0015
2292,cluster_LynxID2025_0060
2293,cluster_LynxID2025_0043
2294,cluster_LynxID2025_0015
2301,cluster_LynxID2025_0013
2303,cluster_LynxID2025_0001
2307,cluster_LynxID2025_0020
2313,cluster_LynxID2025_0001
2320,cluster_LynxID2025_0051
2322,cluster_LynxID2025_0000
2324,cluster_LynxID2025_0006
2326,cluster_LynxID2025_0020
2330,cluster_LynxID2025_0000
2336,cluster_LynxID2025_0013
2338,cluster_LynxID2025_0004
2343,cluster_LynxID2025_0014
2369,cluster_LynxID2025_0050
2375,cluster_LynxID2025_0001
2379,cluster_LynxID2025_0051
2385,cluster_LynxID2025_0005
2388,cluster_LynxID2025_0001
2389,cluster_LynxID2025_0063
2390,cluster_LynxID2025_0006
2399,cluster_LynxID2025_0007
2403,cluster_LynxID2025_0000
2404,cluster_LynxID2025_0013
2406,cluster_LynxID2025_0053
2408,cluster_LynxID2025_0013
2409,cluster_LynxID2025_0006
2411,cluster_LynxID2025_0010
2426,cluster_LynxID2025_0001
2435,cluster_LynxID2025_0059
2437,cluster_LynxID2025_0061
2441,cluster_LynxID2025_0001
2469,cluster_LynxID2025_0001
2472,cluster_LynxID2025_0010
2473,cluster_LynxID2025_0056
2477,cluster_LynxID2025_0006
2478,cluster_LynxID2025_0013
2487,cluster_LynxID2025_0013
2491,cluster_LynxID2025_0006
2495,cluster_LynxID2025_0015
2496,cluster_LynxID2025_0059
2501,cluster_LynxID2025_0013
2511,cluster_LynxID2025_0005
2512,cluster_LynxID2025_0022
2518,cluster_LynxID2025_0002
2525,cluster_LynxID2025_0013
2527,cluster_LynxID2025_0003
2529,cluster_LynxID2025_0055
2530,cluster_LynxID2025_0004
2534,cluster_LynxID2025_0013
2544,cluster_LynxID2025_0004
2545,cluster_LynxID2025_0038
2546,cluster_LynxID2025_0056
2549,cluster_LynxID2025_0004
2552,cluster_LynxID2025_0001
2554,cluster_LynxID2025_0002
2555,cluster_LynxID2025_0016
2562,cluster_LynxID2025_0002
2564,cluster_LynxID2025_0006
2580,cluster_LynxID2025_0030
2591,cluster_LynxID2025_0044
2592,cluster_LynxID2025_0011
2601,cluster_LynxID2025_0011
2606,cluster_LynxID2025_0001
2613,cluster_LynxID2025_0015
2625,cluster_LynxID2025_0013
2626,cluster_LynxID2025_0009
2631,cluster_LynxID2025_0015
2638,cluster_LynxID2025_0013
2643,cluster_LynxID2025_0000
2644,cluster_LynxID2025_0015
2648,cluster_LynxID2025_0006
2654,cluster_LynxID2025_0013
2655,cluster_LynxID2025_0014
2657,cluster_LynxID2025_0011
2687,cluster_LynxID2025_0013
2689,cluster_LynxID2025_0001
2705,cluster_LynxID2025_0004
2706,cluster_LynxID2025_0009
2709,cluster_LynxID2025_0020
2713,cluster_LynxID2025_0061
2718,cluster_LynxID2025_0053
2721,cluster_LynxID2025_0000
2724,cluster_LynxID2025_0002
2725,cluster_LynxID2025_0000
2726,cluster_LynxID2025_0015
2731,cluster_LynxID2025_0002
2733,cluster_LynxID2025_0063
2734,cluster_LynxID2025_0013
2744,cluster_LynxID2025_0013
2754,cluster_LynxID2025_0063
2758,cluster_LynxID2025_0050
2759,cluster_LynxID2025_0004
2760,cluster_LynxID2025_0000
2770,cluster_LynxID2025_0017
2787,cluster_LynxID2025_0035
2789,cluster_LynxID2025_0060
2790,cluster_LynxID2025_0050
2794,cluster_LynxID2025_0010
2797,cluster_LynxID2025_0038
2801,cluster_LynxID2025_0021
2803,cluster_LynxID2025_0015
2807,cluster_LynxID2025_0014
2811,cluster_LynxID2025_0050
2812,cluster_LynxID2025_0001
2823,cluster_LynxID2025_0063
2829,cluster_LynxID2025_0016
2831,cluster_LynxID2025_0004
2834,cluster_LynxID2025_0010
2840,cluster_LynxID2025_0050
2841,cluster_LynxID2025_0004
2844,cluster_LynxID2025_0002
2845,cluster_LynxID2025_0052
2846,cluster_LynxID2025_0002
2847,cluster_LynxID2025_0001
2848,cluster_LynxID2025_0012
2851,cluster_LynxID2025_0007
2865,cluster_LynxID2025_0013
2871,cluster_LynxID2025_0021
2873,cluster_LynxID2025_0013
2876,cluster_LynxID2025_0013
2889,cluster_LynxID2025_0024
2893,cluster_LynxID2025_0063
2894,cluster_LynxID2025_0007
2896,cluster_LynxID2025_0035
2914,cluster_LynxID2025_0004
2920,cluster_LynxID2025_0002
2921,cluster_LynxID2025_0001
2933,cluster_LynxID2025_0002
2934,cluster_LynxID2025_0001
2942,cluster_LynxID2025_0003
2948,cluster_LynxID2025_0001
2949,cluster_LynxID2025_0000
2951,cluster_LynxID2025_0049
2952,cluster_LynxID2025_0006
2957,cluster_LynxID2025_0043
2961,cluster_LynxID2025_0043
2963,cluster_LynxID2025_0050
2968,cluster_LynxID2025_0016
2973,cluster_LynxID2025_0063
2976,cluster_LynxID2025_0005
2978,cluster_LynxID2025_0059
2981,cluster_LynxID2025_0061
2985,cluster_LynxID2025_0010
2999,cluster_LynxID2025_0001
3001,cluster_LynxID2025_0000
3003,cluster_LynxID2025_0002
3007,cluster_LynxID2025_0000
3013,cluster_LynxID2025_0054
3014,cluster_LynxID2025_0000
3018,cluster_LynxID2025_0003
3020,cluster_LynxID2025_0063
3021,cluster_LynxID2025_0014
3027,cluster_LynxID2025_0013
3029,cluster_LynxID2025_0020
3032,cluster_LynxID2025_0020
3034,cluster_LynxID2025_0013
3035,cluster_LynxID2025_0004
3036,cluster_LynxID2025_0063
3037,cluster_LynxID2025_0004
3038,cluster_LynxID2025_0002
3045,cluster_LynxID2025_0006
3046,cluster_LynxID2025_0063
3055,cluster_LynxID2025_0043
3059,cluster_LynxID2025_0010
3069,cluster_LynxID2025_0013
3074,cluster_LynxID2025_0004
3086,cluster_LynxID2025_0033
3090,cluster_LynxID2025_0006
3091,cluster_LynxID2025_0060
3097,cluster_LynxID2025_0006
3099,cluster_LynxID2025_0004
3106,cluster_LynxID2025_0015
3108,cluster_LynxID2025_0010
3111,cluster_LynxID2025_0004
3116,cluster_LynxID2025_0063
3118,cluster_LynxID2025_0015
3130,cluster_LynxID2025_0013
3133,cluster_LynxID2025_0016
3138,cluster_LynxID2025_0007
3142,cluster_LynxID2025_0060
3144,cluster_LynxID2025_0030
3153,cluster_LynxID2025_0001
3155,cluster_LynxID2025_0050
3156,cluster_LynxID2025_0013
3157,cluster_LynxID2025_0003
3167,cluster_LynxID2025_0013
3177,cluster_LynxID2025_0001
3178,cluster_LynxID2025_0054
3181,cluster_LynxID2025_0049
3183,cluster_LynxID2025_0003
3193,cluster_LynxID2025_0021
3201,cluster_LynxID2025_0013
3204,cluster_LynxID2025_0038
3205,cluster_LynxID2025_0006
3215,cluster_LynxID2025_0009
3217,cluster_LynxID2025_0013
3220,cluster_LynxID2025_0014
3221,cluster_LynxID2025_0000
3222,cluster_LynxID2025_0006
3231,cluster_LynxID2025_0063
3232,cluster_LynxID2025_0016
3239,cluster_LynxID2025_0059
3242,cluster_LynxID2025_0063
3245,cluster_LynxID2025_0002
3249,cluster_LynxID2025_0010
3256,cluster_LynxID2025_0004
3259,cluster_LynxID2025_0002
3261,cluster_LynxID2025_0006
3263,cluster_LynxID2025_0001
3267,cluster_LynxID2025_0006
3270,cluster_LynxID2025_0004
3274,cluster_LynxID2025_0059
3277,cluster_LynxID2025_0010
3281,cluster_LynxID2025_0054
3284,cluster_LynxID2025_0002
3286,cluster_LynxID2025_0004
3287,cluster_LynxID2025_0001
3297,cluster_LynxID2025_0015
3305,cluster_LynxID2025_0000
3310,cluster_LynxID2025_0040
3314,cluster_LynxID2025_0003
3323,cluster_LynxID2025_0001
3331,cluster_LynxID2025_0006
3335,cluster_LynxID2025_0014
3338,cluster_LynxID2025_0003
3339,cluster_LynxID2025_0015
3344,cluster_LynxID2025_0013
3348,cluster_LynxID2025_0014
3352,cluster_LynxID2025_0004
3353,cluster_LynxID2025_0010
3356,cluster_LynxID2025_0011
3357,cluster_LynxID2025_0005
3358,cluster_LynxID2025_0001
3366,cluster_LynxID2025_0050
3372,cluster_LynxID2025_0056
3380,cluster_LynxID2025_0043
3382,cluster_LynxID2025_0050
3386,cluster_LynxID2025_0011
3389,cluster_LynxID2025_0048
3390,cluster_LynxID2025_0004
3400,cluster_LynxID2025_0063
3401,cluster_LynxID2025_0020
3409,cluster_LynxID2025_0011
3412,cluster_LynxID2025_0015
3416,cluster_LynxID2025_0001
3418,cluster_LynxID2025_0004
3420,cluster_LynxID2025_0013
3424,cluster_LynxID2025_0045
3427,cluster_LynxID2025_0012
3429,cluster_LynxID2025_0001
3434,cluster_LynxID2025_0002
3435,cluster_LynxID2025_0046
3436,cluster_LynxID2025_0043
3437,cluster_LynxID2025_0013
3439,cluster_LynxID2025_0016
3441,cluster_LynxID2025_0003
3446,cluster_LynxID2025_0060
3449,cluster_LynxID2025_0006
3450,cluster_LynxID2025_0001
3452,cluster_LynxID2025_0003
3469,cluster_LynxID2025_0000
3474,cluster_LynxID2025_0001
3477,cluster_LynxID2025_0025
3480,cluster_LynxID2025_0013
3481,cluster_LynxID2025_0014
3484,cluster_LynxID2025_0050
3487,cluster_LynxID2025_0013
3490,cluster_LynxID2025_0009
3494,cluster_LynxID2025_0063
3497,cluster_LynxID2025_0001
3500,cluster_LynxID2025_0006
3501,cluster_LynxID2025_0016
3502,cluster_LynxID2025_0054
3508,cluster_LynxID2025_0059
3511,cluster_LynxID2025_0004
3513,cluster_LynxID2025_0015
3521,cluster_LynxID2025_0013
3524,cluster_LynxID2025_0063
3526,cluster_LynxID2025_0009
3529,cluster_LynxID2025_0007
3530,cluster_LynxID2025_0002
3539,cluster_LynxID2025_0004
3540,cluster_LynxID2025_0003
3542,cluster_LynxID2025_0063
3545,cluster_LynxID2025_0013
3548,cluster_LynxID2025_0006
3550,cluster_LynxID2025_0011
3565,cluster_LynxID2025_0003
3566,cluster_LynxID2025_0020
3568,cluster_LynxID2025_0001
3570,cluster_LynxID2025_0060
3574,cluster_LynxID2025_0063
3582,cluster_LynxID2025_0014
3585,cluster_LynxID2025_0063
3595,cluster_LynxID2025_0005
3597,cluster_LynxID2025_0002
3605,cluster_LynxID2025_0013
3626,cluster_LynxID2025_0013
3633,cluster_LynxID2025_0028
3638,cluster_LynxID2025_0001
3643,cluster_LynxID2025_0063
3645,cluster_LynxID2025_0060
3648,cluster_LynxID2025_0000
3654,cluster_LynxID2025_0013
3655,cluster_LynxID2025_0012
3657,cluster_LynxID2025_0011
3660,cluster_LynxID2025_0015
3666,cluster_LynxID2025_0014
3670,cluster_LynxID2025_0002
3672,cluster_LynxID2025_0010
3675,cluster_LynxID2025_0017
3676,cluster_LynxID2025_0012
3677,cluster_LynxID2025_0017
3682,cluster_LynxID2025_0001
3690,cluster_LynxID2025_0001
3691,cluster_LynxID2025_0001
3692,cluster_LynxID2025_0008
3696,cluster_LynxID2025_0017
3698,cluster_LynxID2025_0063
3706,cluster_LynxID2025_0050
3725,cluster_LynxID2025_0063
3727,cluster_LynxID2025_0013
3729,cluster_LynxID2025_0003
3739,cluster_LynxID2025_0001
3749,cluster_LynxID2025_0001
3750,cluster_LynxID2025_0018
3762,cluster_LynxID2025_0050
3763,cluster_LynxID2025_0000
3766,cluster_LynxID2025_0012
3768,cluster_LynxID2025_0056
3793,cluster_LynxID2025_0063
3794,cluster_LynxID2025_0063
3808,cluster_LynxID2025_0038
3822,cluster_LynxID2025_0001
3823,cluster_LynxID2025_0033
3836,cluster_LynxID2025_0030
3837,cluster_LynxID2025_0042
3849,cluster_LynxID2025_0060
3861,cluster_LynxID2025_0004
3862,cluster_LynxID2025_0023
3866,cluster_LynxID2025_0004
3867,cluster_LynxID2025_0009
3874,cluster_LynxID2025_0063
3876,cluster_LynxID2025_0013
3887,cluster_LynxID2025_0020
3897,cluster_LynxID2025_0002
3900,cluster_LynxID2025_0002
3902,cluster_LynxID2025_0004
5291,cluster_SalamanderID2025_0169
5292,cluster_SalamanderID2025_0196
5293,cluster_SalamanderID2025_0134
5294,cluster_SalamanderID2025_0122
5295,cluster_SalamanderID2025_0214
5296,cluster_SalamanderID2025_0224
5297,cluster_SalamanderID2025_0199
5298,cluster_SalamanderID2025_0224
5299,cluster_SalamanderID2025_0149
5300,cluster_SalamanderID2025_0117
5301,cluster_SalamanderID2025_0194
5302,cluster_SalamanderID2025_0000
5303,cluster_SalamanderID2025_0245
5304,cluster_SalamanderID2025_0241
5305,cluster_SalamanderID2025_0001
5306,cluster_SalamanderID2025_0241
5307,cluster_SalamanderID2025_0242
5308,cluster_SalamanderID2025_0233
5309,cluster_SalamanderID2025_0295
5310,cluster_SalamanderID2025_0078
5311,cluster_SalamanderID2025_0243
5312,cluster_SalamanderID2025_0167
5313,cluster_SalamanderID2025_0243
5314,cluster_SalamanderID2025_0088
5315,cluster_SalamanderID2025_0243
5316,cluster_SalamanderID2025_0002
5317,cluster_SalamanderID2025_0225
5318,cluster_SalamanderID2025_0345
5319,cluster_SalamanderID2025_0091
5320,cluster_SalamanderID2025_0376
5321,cluster_SalamanderID2025_0294
5322,cluster_SalamanderID2025_0068
5323,cluster_SalamanderID2025_0210
5324,cluster_SalamanderID2025_0003
5325,cluster_SalamanderID2025_0206
5326,cluster_SalamanderID2025_0226
5327,cluster_SalamanderID2025_0004
5328,cluster_SalamanderID2025_0112
5329,cluster_SalamanderID2025_0229
5330,cluster_SalamanderID2025_0401
5331,cluster_SalamanderID2025_0166
5332,cluster_SalamanderID2025_0080
5333,cluster_SalamanderID2025_0095
5334,cluster_SalamanderID2025_0005
5335,cluster_SalamanderID2025_0006
5336,cluster_SalamanderID2025_0115
5337,cluster_SalamanderID2025_0007
5338,cluster_SalamanderID2025_0079
5339,cluster_SalamanderID2025_0427
5340,cluster_SalamanderID2025_0093
5341,cluster_SalamanderID2025_0082
5342,cluster_SalamanderID2025_0419
5343,cluster_SalamanderID2025_0093
5344,cluster_SalamanderID2025_0168
5345,cluster_SalamanderID2025_0415
5346,cluster_SalamanderID2025_0093
5347,cluster_SalamanderID2025_0363
5348,cluster_SalamanderID2025_0488
5349,cluster_SalamanderID2025_0061
5350,cluster_SalamanderID2025_0446
5351,cluster_SalamanderID2025_0168
5352,cluster_SalamanderID2025_0218
5353,cluster_SalamanderID2025_0008
5354,cluster_SalamanderID2025_0009
5355,cluster_SalamanderID2025_0164
5356,cluster_SalamanderID2025_0319
5357,cluster_SalamanderID2025_0292
5358,cluster_SalamanderID2025_0188
5359,cluster_SalamanderID2025_0273
5360,cluster_SalamanderID2025_0408
5361,cluster_SalamanderID2025_0225
5362,cluster_SalamanderID2025_0244
5363,cluster_SalamanderID2025_0105
5364,cluster_SalamanderID2025_0243
5365,cluster_SalamanderID2025_0273
5366,cluster_SalamanderID2025_0216
5367,cluster_SalamanderID2025_0079
5368,cluster_SalamanderID2025_0237
5369,cluster_SalamanderID2025_0227
5370,cluster_SalamanderID2025_0221
5371,cluster_SalamanderID2025_0106
5372,cluster_SalamanderID2025_0423
5373,cluster_SalamanderID2025_0010
5374,cluster_SalamanderID2025_0093
5375,cluster_SalamanderID2025_0483
5376,cluster_SalamanderID2025_0306
5377,cluster_SalamanderID2025_0387
5378,cluster_SalamanderID2025_0076
5379,cluster_SalamanderID2025_0220
5380,cluster_SalamanderID2025_0269
5381,cluster_SalamanderID2025_0066
5382,cluster_SalamanderID2025_0325
5383,cluster_SalamanderID2025_0066
5384,cluster_SalamanderID2025_0196
5385,cluster_SalamanderID2025_0433
5386,cluster_SalamanderID2025_0220
5387,cluster_SalamanderID2025_0011
5388,cluster_SalamanderID2025_0012
5389,cluster_SalamanderID2025_0013
5390,cluster_SalamanderID2025_0222
5391,cluster_SalamanderID2025_0089
5392,cluster_SalamanderID2025_0151
5393,cluster_SalamanderID2025_0074
5394,cluster_SalamanderID2025_0283
5395,cluster_SalamanderID2025_0349
5396,cluster_SalamanderID2025_0381
5397,cluster_SalamanderID2025_0362
5398,cluster_SalamanderID2025_0351
5399,cluster_SalamanderID2025_0284
5400,cluster_SalamanderID2025_0075
5401,cluster_SalamanderID2025_0176
5402,cluster_SalamanderID2025_0014
5403,cluster_SalamanderID2025_0409
5404,cluster_SalamanderID2025_0015
5405,cluster_SalamanderID2025_0016
5406,cluster_SalamanderID2025_0395
5407,cluster_SalamanderID2025_0256
5408,cluster_SalamanderID2025_0139
5409,cluster_SalamanderID2025_0083
5410,cluster_SalamanderID2025_0139
5411,cluster_SalamanderID2025_0081
5412,cluster_SalamanderID2025_0084
5413,cluster_SalamanderID2025_0471
5414,cluster_SalamanderID2025_0166
5415,cluster_SalamanderID2025_0017
5416,cluster_SalamanderID2025_0133
5417,cluster_SalamanderID2025_0377
5418,cluster_SalamanderID2025_0018
5419,cluster_SalamanderID2025_0019
5420,cluster_SalamanderID2025_0065
5421,cluster_SalamanderID2025_0065
5422,cluster_SalamanderID2025_0065
5423,cluster_SalamanderID2025_0020
5424,cluster_SalamanderID2025_0021
5425,cluster_SalamanderID2025_0204
5426,cluster_SalamanderID2025_0022
5427,cluster_SalamanderID2025_0170
5428,cluster_SalamanderID2025_0336
5429,cluster_SalamanderID2025_0168
5430,cluster_SalamanderID2025_0162
5431,cluster_SalamanderID2025_0023
5432,cluster_SalamanderID2025_0207
5433,cluster_SalamanderID2025_0424
5434,cluster_SalamanderID2025_0216
5435,cluster_SalamanderID2025_0024
5436,cluster_SalamanderID2025_0187
5437,cluster_SalamanderID2025_0174
5438,cluster_SalamanderID2025_0177
5439,cluster_SalamanderID2025_0118
5440,cluster_SalamanderID2025_0021
5441,cluster_SalamanderID2025_0188
5442,cluster_SalamanderID2025_0077
5443,cluster_SalamanderID2025_0213
5444,cluster_SalamanderID2025_0256
5445,cluster_SalamanderID2025_0025
5446,cluster_SalamanderID2025_0165
5447,cluster_SalamanderID2025_0125
5448,cluster_SalamanderID2025_0353
5449,cluster_SalamanderID2025_0140
5450,cluster_SalamanderID2025_0196
5451,cluster_SalamanderID2025_0141
5452,cluster_SalamanderID2025_0343
5453,cluster_SalamanderID2025_0330
5454,cluster_SalamanderID2025_0203
5455,cluster_SalamanderID2025_0389
5456,cluster_SalamanderID2025_0203
5457,cluster_SalamanderID2025_0355
5458,cluster_SalamanderID2025_0334
5459,cluster_SalamanderID2025_0356
5460,cluster_SalamanderID2025_0367
5461,cluster_SalamanderID2025_0195
5462,cluster_SalamanderID2025_0026
5463,cluster_SalamanderID2025_0168
5464,cluster_SalamanderID2025_0208
5465,cluster_SalamanderID2025_0027
5466,cluster_SalamanderID2025_0021
5467,cluster_SalamanderID2025_0344
5468,cluster_SalamanderID2025_0293
5469,cluster_SalamanderID2025_0167
5470,cluster_SalamanderID2025_0123
5471,cluster_SalamanderID2025_0174
5472,cluster_SalamanderID2025_0120
5473,cluster_SalamanderID2025_0028
5474,cluster_SalamanderID2025_0421
5475,cluster_SalamanderID2025_0437
5476,cluster_SalamanderID2025_0029
5477,cluster_SalamanderID2025_0256
5478,cluster_SalamanderID2025_0030
5479,cluster_SalamanderID2025_0494
5480,cluster_SalamanderID2025_0432
5481,cluster_SalamanderID2025_0087
5482,cluster_SalamanderID2025_0216
5483,cluster_SalamanderID2025_0216
5484,cluster_SalamanderID2025_0098
5485,cluster_SalamanderID2025_0074
5486,cluster_SalamanderID2025_0172
5487,cluster_SalamanderID2025_0129
5488,cluster_SalamanderID2025_0302
5489,cluster_SalamanderID2025_0163
5490,cluster_SalamanderID2025_0067
5491,cluster_SalamanderID2025_0070
5492,cluster_SalamanderID2025_0414
5493,cluster_SalamanderID2025_0435
5494,cluster_SalamanderID2025_0031
5495,cluster_SalamanderID2025_0032
5496,cluster_SalamanderID2025_0200
5497,cluster_SalamanderID2025_0033
5498,cluster_SalamanderID2025_0121
5499,cluster_SalamanderID2025_0395
5500,cluster_SalamanderID2025_0166
5501,cluster_SalamanderID2025_0034
5502,cluster_SalamanderID2025_0086
5503,cluster_SalamanderID2025_0138
5504,cluster_SalamanderID2025_0194
5505,cluster_SalamanderID2025_0158
5506,cluster_SalamanderID2025_0035
5507,cluster_SalamanderID2025_0430
5508,cluster_SalamanderID2025_0036
5509,cluster_SalamanderID2025_0079
5510,cluster_SalamanderID2025_0037
5511,cluster_SalamanderID2025_0350
5512,cluster_SalamanderID2025_0168
5513,cluster_SalamanderID2025_0238
5514,cluster_SalamanderID2025_0460
5515,cluster_SalamanderID2025_0462
5516,cluster_SalamanderID2025_0335
5517,cluster_SalamanderID2025_0432
5518,cluster_SalamanderID2025_0223
5519,cluster_SalamanderID2025_0069
5520,cluster_SalamanderID2025_0038
5521,cluster_SalamanderID2025_0305
5522,cluster_SalamanderID2025_0039
5523,cluster_SalamanderID2025_0209
5524,cluster_SalamanderID2025_0404
5525,cluster_SalamanderID2025_0205
5526,cluster_SalamanderID2025_0457
5527,cluster_SalamanderID2025_0126
5528,cluster_SalamanderID2025_0085
5529,cluster_SalamanderID2025_0271
5530,cluster_SalamanderID2025_0040
5531,cluster_SalamanderID2025_0448
5532,cluster_SalamanderID2025_0497
5533,cluster_SalamanderID2025_0144
5534,cluster_SalamanderID2025_0062
5535,cluster_SalamanderID2025_0196
5536,cluster_SalamanderID2025_0488
5537,cluster_SalamanderID2025_0093
5538,cluster_SalamanderID2025_0425
5539,cluster_SalamanderID2025_0382
5540,cluster_SalamanderID2025_0187
5541,cluster_SalamanderID2025_0417
5542,cluster_SalamanderID2025_0168
5543,cluster_SalamanderID2025_0309
5544,cluster_SalamanderID2025_0171
5545,cluster_SalamanderID2025_0167
5546,cluster_SalamanderID2025_0041
5547,cluster_SalamanderID2025_0157
5548,cluster_SalamanderID2025_0107
5549,cluster_SalamanderID2025_0172
5550,cluster_SalamanderID2025_0139
5551,cluster_SalamanderID2025_0341
5552,cluster_SalamanderID2025_0430
5553,cluster_SalamanderID2025_0416
5554,cluster_SalamanderID2025_0195
5555,cluster_SalamanderID2025_0021
5556,cluster_SalamanderID2025_0322
5557,cluster_SalamanderID2025_0219
5558,cluster_SalamanderID2025_0150
5559,cluster_SalamanderID2025_0412
5560,cluster_SalamanderID2025_0314
5561,cluster_SalamanderID2025_0175
5562,cluster_SalamanderID2025_0042
5563,cluster_SalamanderID2025_0492
5564,cluster_SalamanderID2025_0495
5565,cluster_SalamanderID2025_0256
5566,cluster_SalamanderID2025_0261
5567,cluster_SalamanderID2025_0256
5568,cluster_SalamanderID2025_0043
5569,cluster_SalamanderID2025_0256
5570,cluster_SalamanderID2025_0256
5571,cluster_SalamanderID2025_0044
5572,cluster_SalamanderID2025_0124
5573,cluster_SalamanderID2025_0438
5574,cluster_SalamanderID2025_0390
5575,cluster_SalamanderID2025_0021
5576,cluster_SalamanderID2025_0108
5577,cluster_SalamanderID2025_0012
5578,cluster_SalamanderID2025_0138
5579,cluster_SalamanderID2025_0097
5580,cluster_SalamanderID2025_0071
5581,cluster_SalamanderID2025_0407
5582,cluster_SalamanderID2025_0425
5583,cluster_SalamanderID2025_0045
5584,cluster_SalamanderID2025_0046
5585,cluster_SalamanderID2025_0090
5586,cluster_SalamanderID2025_0047
5587,cluster_SalamanderID2025_0230
5588,cluster_SalamanderID2025_0048
5589,cluster_SalamanderID2025_0049
5590,cluster_SalamanderID2025_0246
5591,cluster_SalamanderID2025_0094
5592,cluster_SalamanderID2025_0050
5593,cluster_SalamanderID2025_0165
5594,cluster_SalamanderID2025_0256
5595,cluster_SalamanderID2025_0143
5596,cluster_SalamanderID2025_0346
5597,cluster_SalamanderID2025_0243
5598,cluster_SalamanderID2025_0369
5599,cluster_SalamanderID2025_0197
5600,cluster_SalamanderID2025_0051
5601,cluster_SalamanderID2025_0149
5602,cluster_SalamanderID2025_0149
5603,cluster_SalamanderID2025_0149
5604,cluster_SalamanderID2025_0310
5605,cluster_SalamanderID2025_0310
5606,cluster_SalamanderID2025_0212
5607,cluster_SalamanderID2025_0212
5608,cluster_SalamanderID2025_0179
5609,cluster_SalamanderID2025_0274
5610,cluster_SalamanderID2025_0450
5611,cluster_SalamanderID2025_0388
5612,cluster_SalamanderID2025_0231
5613,cluster_SalamanderID2025_0478
5614,cluster_SalamanderID2025_0409
5615,cluster_SalamanderID2025_0202
5616,cluster_SalamanderID2025_0385
5617,cluster_SalamanderID2025_0386
5618,cluster_SalamanderID2025_0202
5619,cluster_SalamanderID2025_0073
5620,cluster_SalamanderID2025_0096
5621,cluster_SalamanderID2025_0086
5622,cluster_SalamanderID2025_0186
5623,cluster_SalamanderID2025_0052
5624,cluster_SalamanderID2025_0337
5625,cluster_SalamanderID2025_0461
5626,cluster_SalamanderID2025_0182
5627,cluster_SalamanderID2025_0182
5628,cluster_SalamanderID2025_0053
5629,cluster_SalamanderID2025_0072
5630,cluster_SalamanderID2025_0132
5631,cluster_SalamanderID2025_0232
5632,cluster_SalamanderID2025_0321
5633,cluster_SalamanderID2025_0430
5634,cluster_SalamanderID2025_0338
5635,cluster_SalamanderID2025_0211
5636,cluster_SalamanderID2025_0111
5637,cluster_SalamanderID2025_0030
5638,cluster_SalamanderID2025_0490
5639,cluster_SalamanderID2025_0254
5640,cluster_SalamanderID2025_0426
5641,cluster_SalamanderID2025_0135
5642,cluster_SalamanderID2025_0418
5643,cluster_SalamanderID2025_0374
5644,cluster_SalamanderID2025_0455
5645,cluster_SalamanderID2025_0185
5646,cluster_SalamanderID2025_0185
5647,cluster_SalamanderID2025_0396
5648,cluster_SalamanderID2025_0354
5649,cluster_SalamanderID2025_0065
5650,cluster_SalamanderID2025_0054
5651,cluster_SalamanderID2025_0422
5652,cluster_SalamanderID2025_0108
5653,cluster_SalamanderID2025_0352
5654,cluster_SalamanderID2025_0399
5655,cluster_SalamanderID2025_0340
5656,cluster_SalamanderID2025_0342
5657,cluster_SalamanderID2025_0199
5658,cluster_SalamanderID2025_0428
5659,cluster_SalamanderID2025_0342
5660,cluster_SalamanderID2025_0399
5661,cluster_SalamanderID2025_0397
5662,cluster_SalamanderID2025_0055
5663,cluster_SalamanderID2025_0308
5664,cluster_SalamanderID2025_0147
5665,cluster_SalamanderID2025_0455
5666,cluster_SalamanderID2025_0154
5667,cluster_SalamanderID2025_0405
5668,cluster_SalamanderID2025_0192
5669,cluster_SalamanderID2025_0463
5670,cluster_SalamanderID2025_0462
5671,cluster_SalamanderID2025_0190
5672,cluster_SalamanderID2025_0307
5673,cluster_SalamanderID2025_0437
5674,cluster_SalamanderID2025_0193
5675,cluster_SalamanderID2025_0305
5676,cluster_SalamanderID2025_0320
5677,cluster_SalamanderID2025_0189
5678,cluster_SalamanderID2025_0482
5679,cluster_SalamanderID2025_0147
5680,cluster_SalamanderID2025_0180
5681,cluster_SalamanderID2025_0438
5682,cluster_SalamanderID2025_0100
5683,cluster_SalamanderID2025_0148
5684,cluster_SalamanderID2025_0379
5685,cluster_SalamanderID2025_0187
5686,cluster_SalamanderID2025_0104
5687,cluster_SalamanderID2025_0204
5688,cluster_SalamanderID2025_0448
5689,cluster_SalamanderID2025_0424
5690,cluster_SalamanderID2025_0198
5691,cluster_SalamanderID2025_0360
5692,cluster_SalamanderID2025_0184
5693,cluster_SalamanderID2025_0142
5694,cluster_SalamanderID2025_0132
5695,cluster_SalamanderID2025_0132
5696,cluster_SalamanderID2025_0056
5697,cluster_SalamanderID2025_0057
5698,cluster_SalamanderID2025_0252
5699,cluster_SalamanderID2025_0157
5700,cluster_SalamanderID2025_0058
5701,cluster_SalamanderID2025_0059
5702,cluster_SalamanderID2025_0371
5703,cluster_SalamanderID2025_0468
5704,cluster_SalamanderID2025_0296
5705,cluster_SalamanderID2025_0383
5706,cluster_SalamanderID2025_0119
5707,cluster_SalamanderID2025_0338
5708,cluster_SalamanderID2025_0431
5709,cluster_SalamanderID2025_0265
5710,cluster_SalamanderID2025_0327
5711,cluster_SalamanderID2025_0290
5712,cluster_SalamanderID2025_0396
5713,cluster_SalamanderID2025_0486
5714,cluster_SalamanderID2025_0454
5715,cluster_SalamanderID2025_0400
5716,cluster_SalamanderID2025_0410
5717,cluster_SalamanderID2025_0339
5718,cluster_SalamanderID2025_0322
5719,cluster_SalamanderID2025_0365
5720,cluster_SalamanderID2025_0239
5721,cluster_SalamanderID2025_0331
5722,cluster_SalamanderID2025_0298
5723,cluster_SalamanderID2025_0423
5724,cluster_SalamanderID2025_0201
5725,cluster_SalamanderID2025_0142
5726,cluster_SalamanderID2025_0444
5727,cluster_SalamanderID2025_0234
5728,cluster_SalamanderID2025_0357
5729,cluster_SalamanderID2025_0493
5730,cluster_SalamanderID2025_0445
5731,cluster_SalamanderID2025_0155
5732,cluster_SalamanderID2025_0413
5733,cluster_SalamanderID2025_0303
5734,cluster_SalamanderID2025_0393
5735,cluster_SalamanderID2025_0109
5736,cluster_SalamanderID2025_0257
5737,cluster_SalamanderID2025_0329
5738,cluster_SalamanderID2025_0347
5739,cluster_SalamanderID2025_0372
5740,cluster_SalamanderID2025_0136
5741,cluster_SalamanderID2025_0394
5742,cluster_SalamanderID2025_0160
5743,cluster_SalamanderID2025_0423
5744,cluster_SalamanderID2025_0447
5745,cluster_SalamanderID2025_0328
5746,cluster_SalamanderID2025_0480
5747,cluster_SalamanderID2025_0434
5748,cluster_SalamanderID2025_0101
5749,cluster_SalamanderID2025_0398
5750,cluster_SalamanderID2025_0334
5751,cluster_SalamanderID2025_0240
5752,cluster_SalamanderID2025_0116
5753,cluster_SalamanderID2025_0429
5754,cluster_SalamanderID2025_0132
5755,cluster_SalamanderID2025_0130
5756,cluster_SalamanderID2025_0452
5757,cluster_SalamanderID2025_0152
5758,cluster_SalamanderID2025_0373
5759,cluster_SalamanderID2025_0470
5760,cluster_SalamanderID2025_0400
5761,cluster_SalamanderID2025_0147
5762,cluster_SalamanderID2025_0132
5763,cluster_SalamanderID2025_0349
5764,cluster_SalamanderID2025_0258
5765,cluster_SalamanderID2025_0184
5766,cluster_SalamanderID2025_0272
5767,cluster_SalamanderID2025_0250
5768,cluster_SalamanderID2025_0099
5769,cluster_SalamanderID2025_0064
5770,cluster_SalamanderID2025_0060
5771,cluster_SalamanderID2025_0491
5772,cluster_SalamanderID2025_0420
5773,cluster_SalamanderID2025_0473
5774,cluster_SalamanderID2025_0473
5775,cluster_SalamanderID2025_0153
5776,cluster_SalamanderID2025_0404
5777,cluster_SalamanderID2025_0474
5778,cluster_SalamanderID2025_0466
5779,cluster_SalamanderID2025_0313
5780,cluster_SalamanderID2025_0397
5781,cluster_SalamanderID2025_0366
5782,cluster_SalamanderID2025_0113
5783,cluster_SalamanderID2025_0173
5784,cluster_SalamanderID2025_0108
5785,cluster_SalamanderID2025_0142
5786,cluster_SalamanderID2025_0378
5787,cluster_SalamanderID2025_0456
5788,cluster_SalamanderID2025_0468
5789,cluster_SalamanderID2025_0403
5790,cluster_SalamanderID2025_0453
5791,cluster_SalamanderID2025_0063
5792,cluster_SalamanderID2025_0431
5793,cluster_SalamanderID2025_0458
5794,cluster_SalamanderID2025_0145
5795,cluster_SalamanderID2025_0424
5796,cluster_SalamanderID2025_0262
5797,cluster_SalamanderID2025_0391
5798,cluster_SalamanderID2025_0217
5799,cluster_SalamanderID2025_0371
5800,cluster_SalamanderID2025_0489
5801,cluster_SalamanderID2025_0472
5802,cluster_SalamanderID2025_0393
5803,cluster_SalamanderID2025_0476
5804,cluster_SalamanderID2025_0235
5805,cluster_SalamanderID2025_0270
5806,cluster_SalamanderID2025_0193
5807,cluster_SalamanderID2025_0300
5808,cluster_SalamanderID2025_0384
5809,cluster_SalamanderID2025_0262
5810,cluster_SalamanderID2025_0468
5811,cluster_SalamanderID2025_0487
5812,cluster_SalamanderID2025_0484
5813,cluster_SalamanderID2025_0408
5814,cluster_SalamanderID2025_0439
5815,cluster_SalamanderID2025_0262
5816,cluster_SalamanderID2025_0459
5817,cluster_SalamanderID2025_0255
5818,cluster_SalamanderID2025_0451
5819,cluster_SalamanderID2025_0102
5820,cluster_SalamanderID2025_0262
5821,cluster_SalamanderID2025_0285
5822,cluster_SalamanderID2025_0442
5823,cluster_SalamanderID2025_0127
5824,cluster_SalamanderID2025_0403
5825,cluster_SalamanderID2025_0291
5826,cluster_SalamanderID2025_0287
5827,cluster_SalamanderID2025_0254
5828,cluster_SalamanderID2025_0301
5829,cluster_SalamanderID2025_0364
5830,cluster_SalamanderID2025_0406
5831,cluster_SalamanderID2025_0368
5832,cluster_SalamanderID2025_0485
5833,cluster_SalamanderID2025_0262
5834,cluster_SalamanderID2025_0286
5835,cluster_SalamanderID2025_0262
5836,cluster_SalamanderID2025_0248
5837,cluster_SalamanderID2025_0252
5838,cluster_SalamanderID2025_0358
5839,cluster_SalamanderID2025_0454
5840,cluster_SalamanderID2025_0297
5841,cluster_SalamanderID2025_0333
5842,cluster_SalamanderID2025_0262
5843,cluster_SalamanderID2025_0326
5844,cluster_SalamanderID2025_0133
5845,cluster_SalamanderID2025_0259
5846,cluster_SalamanderID2025_0436
5847,cluster_SalamanderID2025_0191
5848,cluster_SalamanderID2025_0260
5849,cluster_SalamanderID2025_0188
5850,cluster_SalamanderID2025_0197
5851,cluster_SalamanderID2025_0131
5852,cluster_SalamanderID2025_0192
5853,cluster_SalamanderID2025_0193
5854,cluster_SalamanderID2025_0392
5855,cluster_SalamanderID2025_0262
5856,cluster_SalamanderID2025_0144
5857,cluster_SalamanderID2025_0452
5858,cluster_SalamanderID2025_0410
5859,cluster_SalamanderID2025_0262
5860,cluster_SalamanderID2025_0156
5861,cluster_SalamanderID2025_0359
5862,cluster_SalamanderID2025_0316
5863,cluster_SalamanderID2025_0236
5864,cluster_SalamanderID2025_0449
5865,cluster_SalamanderID2025_0430
5866,cluster_SalamanderID2025_0132
5867,cluster_SalamanderID2025_0370
5868,cluster_SalamanderID2025_0282
5869,cluster_SalamanderID2025_0477
5870,cluster_SalamanderID2025_0481
5871,cluster_SalamanderID2025_0159
5872,cluster_SalamanderID2025_0114
5873,cluster_SalamanderID2025_0452
5874,cluster_SalamanderID2025_0128
5875,cluster_SalamanderID2025_0403
5876,cluster_SalamanderID2025_0361
5877,cluster_SalamanderID2025_0183
5878,cluster_SalamanderID2025_0161
5879,cluster_SalamanderID2025_0405
5880,cluster_SalamanderID2025_0279
5881,cluster_SalamanderID2025_0441
5882,cluster_SalamanderID2025_0411
5883,cluster_SalamanderID2025_0304
5884,cluster_SalamanderID2025_0137
5885,cluster_SalamanderID2025_0154
5886,cluster_SalamanderID2025_0110
5887,cluster_SalamanderID2025_0348
5888,cluster_SalamanderID2025_0310
5889,cluster_SalamanderID2025_0392
5890,cluster_SalamanderID2025_0261
5891,cluster_SalamanderID2025_0261
5892,cluster_SalamanderID2025_0076
5893,cluster_SalamanderID2025_0311
5894,cluster_SalamanderID2025_0443
5895,cluster_SalamanderID2025_0262
5896,cluster_SalamanderID2025_0440
5897,cluster_SalamanderID2025_0262
5898,cluster_SalamanderID2025_0496
5899,cluster_SalamanderID2025_0262
5900,cluster_SalamanderID2025_0332
5901,cluster_SalamanderID2025_0247
5902,cluster_SalamanderID2025_0250
5903,cluster_SalamanderID2025_0103
5904,cluster_SalamanderID2025_0262
5905,cluster_SalamanderID2025_0323
5906,cluster_SalamanderID2025_0250
5907,cluster_SalamanderID2025_0262
5908,cluster_SalamanderID2025_0252
5909,cluster_SalamanderID2025_0282
5910,cluster_SalamanderID2025_0250
5911,cluster_SalamanderID2025_0477
5912,cluster_SalamanderID2025_0479
5913,cluster_SalamanderID2025_0312
5914,cluster_SalamanderID2025_0464
5915,cluster_SalamanderID2025_0276
5916,cluster_SalamanderID2025_0249
5917,cluster_SalamanderID2025_0250
5918,cluster_SalamanderID2025_0424
5919,cluster_SalamanderID2025_0250
5920,cluster_SalamanderID2025_0469
5921,cluster_SalamanderID2025_0262
5922,cluster_SalamanderID2025_0277
5923,cluster_SalamanderID2025_0146
5924,cluster_SalamanderID2025_0380
5925,cluster_SalamanderID2025_0262
5926,cluster_SalamanderID2025_0267
5927,cluster_SalamanderID2025_0178
5928,cluster_SalamanderID2025_0375
5929,cluster_SalamanderID2025_0465
5930,cluster_SalamanderID2025_0250
5931,cluster_SalamanderID2025_0402
5932,cluster_SalamanderID2025_0288
5933,cluster_SalamanderID2025_0248
5934,cluster_SalamanderID2025_0253
5935,cluster_SalamanderID2025_0255
5936,cluster_SalamanderID2025_0262
5937,cluster_SalamanderID2025_0262
5938,cluster_SalamanderID2025_0280
5939,cluster_SalamanderID2025_0262
5940,cluster_SalamanderID2025_0262
5941,cluster_SalamanderID2025_0266
5942,cluster_SalamanderID2025_0467
5943,cluster_SalamanderID2025_0315
5944,cluster_SalamanderID2025_0261
5945,cluster_SalamanderID2025_0421
5946,cluster_SalamanderID2025_0135
5947,cluster_SalamanderID2025_0192
5948,cluster_SalamanderID2025_0181
5949,cluster_SalamanderID2025_0145
5950,cluster_SalamanderID2025_0263
5951,cluster_SalamanderID2025_0092
5952,cluster_SalamanderID2025_0275
5953,cluster_SalamanderID2025_0261
5954,cluster_SalamanderID2025_0228
5955,cluster_SalamanderID2025_0299
5956,cluster_SalamanderID2025_0193
5957,cluster_SalamanderID2025_0409
5958,cluster_SalamanderID2025_0267
5959,cluster_SalamanderID2025_0254
5960,cluster_SalamanderID2025_0475
5961,cluster_SalamanderID2025_0251
5962,cluster_SalamanderID2025_0278
5963,cluster_SalamanderID2025_0281
5964,cluster_SalamanderID2025_0262
5965,cluster_SalamanderID2025_0262
5966,cluster_SalamanderID2025_0317
5967,cluster_SalamanderID2025_0422
5968,cluster_SalamanderID2025_0318
5969,cluster_SalamanderID2025_0104
5970,cluster_SalamanderID2025_0372
5971,cluster_SalamanderID2025_0289
5972,cluster_SalamanderID2025_0262
5973,cluster_SalamanderID2025_0264
5974,cluster_SalamanderID2025_0389
5975,cluster_SalamanderID2025_0199
5976,cluster_SalamanderID2025_0215
5977,cluster_SalamanderID2025_0324
5978,cluster_SalamanderID2025_0268
5979,cluster_SalamanderID2025_0275
14709,cluster_SeaTurtleID2022_0096
14710,cluster_SeaTurtleID2022_0208
14711,cluster_SeaTurtleID2022_0092
14712,cluster_SeaTurtleID2022_0238
14713,cluster_SeaTurtleID2022_0078
14714,cluster_SeaTurtleID2022_0114
14715,cluster_SeaTurtleID2022_0014
14716,cluster_SeaTurtleID2022_0215
14717,cluster_SeaTurtleID2022_0062
14718,cluster_SeaTurtleID2022_0282
14719,cluster_SeaTurtleID2022_0052
14720,cluster_SeaTurtleID2022_0082
14721,cluster_SeaTurtleID2022_0282
14722,cluster_SeaTurtleID2022_0290
14723,cluster_SeaTurtleID2022_0300
14724,cluster_SeaTurtleID2022_0265
14725,cluster_SeaTurtleID2022_0287
14726,cluster_SeaTurtleID2022_0093
14727,cluster_SeaTurtleID2022_0217
14728,cluster_SeaTurtleID2022_0067
14729,cluster_SeaTurtleID2022_0253
14730,cluster_SeaTurtleID2022_0256
14731,cluster_SeaTurtleID2022_0147
14732,cluster_SeaTurtleID2022_0217
14733,cluster_SeaTurtleID2022_0108
14734,cluster_SeaTurtleID2022_0169
14735,cluster_SeaTurtleID2022_0109
14736,cluster_SeaTurtleID2022_0256
14737,cluster_SeaTurtleID2022_0104
14738,cluster_SeaTurtleID2022_0173
14739,cluster_SeaTurtleID2022_0056
14740,cluster_SeaTurtleID2022_0255
14741,cluster_SeaTurtleID2022_0099
14742,cluster_SeaTurtleID2022_0004
14743,cluster_SeaTurtleID2022_0061
14744,cluster_SeaTurtleID2022_0091
14745,cluster_SeaTurtleID2022_0184
14746,cluster_SeaTurtleID2022_0246
14747,cluster_SeaTurtleID2022_0189
14748,cluster_SeaTurtleID2022_0056
14749,cluster_SeaTurtleID2022_0213
14750,cluster_SeaTurtleID2022_0113
14751,cluster_SeaTurtleID2022_0264
14752,cluster_SeaTurtleID2022_0063
14753,cluster_SeaTurtleID2022_0242
14754,cluster_SeaTurtleID2022_0096
14755,cluster_SeaTurtleID2022_0213
14756,cluster_SeaTurtleID2022_0095
14757,cluster_SeaTurtleID2022_0166
14758,cluster_SeaTurtleID2022_0260
14759,cluster_SeaTurtleID2022_0162
14760,cluster_SeaTurtleID2022_0263
14761,cluster_SeaTurtleID2022_0183
14762,cluster_SeaTurtleID2022_0298
14763,cluster_SeaTurtleID2022_0064
14764,cluster_SeaTurtleID2022_0220
14765,cluster_SeaTurtleID2022_0213
14766,cluster_SeaTurtleID2022_0305
14767,cluster_SeaTurtleID2022_0291
14768,cluster_SeaTurtleID2022_0251
14769,cluster_SeaTurtleID2022_0111
14770,cluster_SeaTurtleID2022_0079
14771,cluster_SeaTurtleID2022_0038
14772,cluster_SeaTurtleID2022_0135
14773,cluster_SeaTurtleID2022_0127
14774,cluster_SeaTurtleID2022_0182
14775,cluster_SeaTurtleID2022_0229
14776,cluster_SeaTurtleID2022_0178
14777,cluster_SeaTurtleID2022_0284
14778,cluster_SeaTurtleID2022_0262
14779,cluster_SeaTurtleID2022_0131
14780,cluster_SeaTurtleID2022_0212
14781,cluster_SeaTurtleID2022_0092
14782,cluster_SeaTurtleID2022_0252
14783,cluster_SeaTurtleID2022_0108
14784,cluster_SeaTurtleID2022_0147
14785,cluster_SeaTurtleID2022_0074
14786,cluster_SeaTurtleID2022_0258
14787,cluster_SeaTurtleID2022_0081
14788,cluster_SeaTurtleID2022_0232
14789,cluster_SeaTurtleID2022_0263
14790,cluster_SeaTurtleID2022_0065
14791,cluster_SeaTurtleID2022_0248
14792,cluster_SeaTurtleID2022_0136
14793,cluster_SeaTurtleID2022_0264
14794,cluster_SeaTurtleID2022_0239
14795,cluster_SeaTurtleID2022_0280
14796,cluster_SeaTurtleID2022_0111
14797,cluster_SeaTurtleID2022_0295
14798,cluster_SeaTurtleID2022_0031
14799,cluster_SeaTurtleID2022_0208
14800,cluster_SeaTurtleID2022_0009
14801,cluster_SeaTurtleID2022_0081
14802,cluster_SeaTurtleID2022_0140
14803,cluster_SeaTurtleID2022_0040
14804,cluster_SeaTurtleID2022_0151
14805,cluster_SeaTurtleID2022_0225
14806,cluster_SeaTurtleID2022_0262
14807,cluster_SeaTurtleID2022_0033
14808,cluster_SeaTurtleID2022_0151
14809,cluster_SeaTurtleID2022_0253
14810,cluster_SeaTurtleID2022_0160
14811,cluster_SeaTurtleID2022_0087
14812,cluster_SeaTurtleID2022_0049
14813,cluster_SeaTurtleID2022_0158
14814,cluster_SeaTurtleID2022_0193
14815,cluster_SeaTurtleID2022_0032
14816,cluster_SeaTurtleID2022_0177
14817,cluster_SeaTurtleID2022_0010
14818,cluster_SeaTurtleID2022_0123
14819,cluster_SeaTurtleID2022_0021
14820,cluster_SeaTurtleID2022_0218
14821,cluster_SeaTurtleID2022_0213
14822,cluster_SeaTurtleID2022_0222
14823,cluster_SeaTurtleID2022_0199
14824,cluster_SeaTurtleID2022_0265
14825,cluster_SeaTurtleID2022_0228
14826,cluster_SeaTurtleID2022_0077
14827,cluster_SeaTurtleID2022_0175
14828,cluster_SeaTurtleID2022_0044
14829,cluster_SeaTurtleID2022_0035
14830,cluster_SeaTurtleID2022_0068
14831,cluster_SeaTurtleID2022_0014
14832,cluster_SeaTurtleID2022_0115
14833,cluster_SeaTurtleID2022_0051
14834,cluster_SeaTurtleID2022_0205
14835,cluster_SeaTurtleID2022_0126
14836,cluster_SeaTurtleID2022_0019
14837,cluster_SeaTurtleID2022_0281
14838,cluster_SeaTurtleID2022_0178
14839,cluster_SeaTurtleID2022_0101
14840,cluster_SeaTurtleID2022_0271
14841,cluster_SeaTurtleID2022_0207
14842,cluster_SeaTurtleID2022_0132
14843,cluster_SeaTurtleID2022_0176
14844,cluster_SeaTurtleID2022_0144
14845,cluster_SeaTurtleID2022_0301
14846,cluster_SeaTurtleID2022_0231
14847,cluster_SeaTurtleID2022_0194
14848,cluster_SeaTurtleID2022_0033
14849,cluster_SeaTurtleID2022_0013
14850,cluster_SeaTurtleID2022_0292
14851,cluster_SeaTurtleID2022_0293
14852,cluster_SeaTurtleID2022_0152
14853,cluster_SeaTurtleID2022_0066
14854,cluster_SeaTurtleID2022_0002
14855,cluster_SeaTurtleID2022_0207
14856,cluster_SeaTurtleID2022_0028
14857,cluster_SeaTurtleID2022_0208
14858,cluster_SeaTurtleID2022_0245
14859,cluster_SeaTurtleID2022_0231
14860,cluster_SeaTurtleID2022_0166
14861,cluster_SeaTurtleID2022_0251
14862,cluster_SeaTurtleID2022_0178
14863,cluster_SeaTurtleID2022_0230
14864,cluster_SeaTurtleID2022_0303
14865,cluster_SeaTurtleID2022_0053
14866,cluster_SeaTurtleID2022_0073
14867,cluster_SeaTurtleID2022_0128
14868,cluster_SeaTurtleID2022_0100
14869,cluster_SeaTurtleID2022_0269
14870,cluster_SeaTurtleID2022_0106
14871,cluster_SeaTurtleID2022_0190
14872,cluster_SeaTurtleID2022_0099
14873,cluster_SeaTurtleID2022_0080
14874,cluster_SeaTurtleID2022_0215
14875,cluster_SeaTurtleID2022_0100
14876,cluster_SeaTurtleID2022_0277
14877,cluster_SeaTurtleID2022_0029
14878,cluster_SeaTurtleID2022_0039
14879,cluster_SeaTurtleID2022_0155
14880,cluster_SeaTurtleID2022_0261
14881,cluster_SeaTurtleID2022_0150
14882,cluster_SeaTurtleID2022_0103
14883,cluster_SeaTurtleID2022_0197
14884,cluster_SeaTurtleID2022_0003
14885,cluster_SeaTurtleID2022_0126
14886,cluster_SeaTurtleID2022_0203
14887,cluster_SeaTurtleID2022_0058
14888,cluster_SeaTurtleID2022_0304
14889,cluster_SeaTurtleID2022_0192
14890,cluster_SeaTurtleID2022_0048
14891,cluster_SeaTurtleID2022_0136
14892,cluster_SeaTurtleID2022_0124
14893,cluster_SeaTurtleID2022_0300
14894,cluster_SeaTurtleID2022_0094
14895,cluster_SeaTurtleID2022_0233
14896,cluster_SeaTurtleID2022_0026
14897,cluster_SeaTurtleID2022_0248
14898,cluster_SeaTurtleID2022_0129
14899,cluster_SeaTurtleID2022_0095
14900,cluster_SeaTurtleID2022_0199
14901,cluster_SeaTurtleID2022_0134
14902,cluster_SeaTurtleID2022_0230
14903,cluster_SeaTurtleID2022_0022
14904,cluster_SeaTurtleID2022_0275
14905,cluster_SeaTurtleID2022_0205
14906,cluster_SeaTurtleID2022_0237
14907,cluster_SeaTurtleID2022_0224
14908,cluster_SeaTurtleID2022_0196
14909,cluster_SeaTurtleID2022_0107
14910,cluster_SeaTurtleID2022_0076
14911,cluster_SeaTurtleID2022_0302
14912,cluster_SeaTurtleID2022_0283
14913,cluster_SeaTurtleID2022_0127
14914,cluster_SeaTurtleID2022_0016
14915,cluster_SeaTurtleID2022_0274
14916,cluster_SeaTurtleID2022_0089
14917,cluster_SeaTurtleID2022_0182
14918,cluster_SeaTurtleID2022_0264
14919,cluster_SeaTurtleID2022_0281
14920,cluster_SeaTurtleID2022_0098
14921,cluster_SeaTurtleID2022_0174
14922,cluster_SeaTurtleID2022_0246
14923,cluster_SeaTurtleID2022_0042
14924,cluster_SeaTurtleID2022_0092
14925,cluster_SeaTurtleID2022_0235
14926,cluster_SeaTurtleID2022_0260
14927,cluster_SeaTurtleID2022_0102
14928,cluster_SeaTurtleID2022_0140
14929,cluster_SeaTurtleID2022_0201
14930,cluster_SeaTurtleID2022_0205
14931,cluster_SeaTurtleID2022_0151
14932,cluster_SeaTurtleID2022_0023
14933,cluster_SeaTurtleID2022_0059
14934,cluster_SeaTurtleID2022_0249
14935,cluster_SeaTurtleID2022_0215
14936,cluster_SeaTurtleID2022_0192
14937,cluster_SeaTurtleID2022_0202
14938,cluster_SeaTurtleID2022_0167
14939,cluster_SeaTurtleID2022_0182
14940,cluster_SeaTurtleID2022_0015
14941,cluster_SeaTurtleID2022_0229
14942,cluster_SeaTurtleID2022_0150
14943,cluster_SeaTurtleID2022_0262
14944,cluster_SeaTurtleID2022_0214
14945,cluster_SeaTurtleID2022_0088
14946,cluster_SeaTurtleID2022_0114
14947,cluster_SeaTurtleID2022_0110
14948,cluster_SeaTurtleID2022_0281
14949,cluster_SeaTurtleID2022_0191
14950,cluster_SeaTurtleID2022_0153
14951,cluster_SeaTurtleID2022_0071
14952,cluster_SeaTurtleID2022_0269
14953,cluster_SeaTurtleID2022_0081
14954,cluster_SeaTurtleID2022_0248
14955,cluster_SeaTurtleID2022_0049
14956,cluster_SeaTurtleID2022_0159
14957,cluster_SeaTurtleID2022_0241
14958,cluster_SeaTurtleID2022_0113
14959,cluster_SeaTurtleID2022_0072
14960,cluster_SeaTurtleID2022_0082
14961,cluster_SeaTurtleID2022_0169
14962,cluster_SeaTurtleID2022_0180
14963,cluster_SeaTurtleID2022_0285
14964,cluster_SeaTurtleID2022_0265
14965,cluster_SeaTurtleID2022_0100
14966,cluster_SeaTurtleID2022_0093
14967,cluster_SeaTurtleID2022_0090
14968,cluster_SeaTurtleID2022_0278
14969,cluster_SeaTurtleID2022_0179
14970,cluster_SeaTurtleID2022_0230
14971,cluster_SeaTurtleID2022_0073
14972,cluster_SeaTurtleID2022_0007
14973,cluster_SeaTurtleID2022_0265
14974,cluster_SeaTurtleID2022_0283
14975,cluster_SeaTurtleID2022_0173
14976,cluster_SeaTurtleID2022_0207
14977,cluster_SeaTurtleID2022_0230
14978,cluster_SeaTurtleID2022_0043
14979,cluster_SeaTurtleID2022_0054
14980,cluster_SeaTurtleID2022_0112
14981,cluster_SeaTurtleID2022_0174
14982,cluster_SeaTurtleID2022_0118
14983,cluster_SeaTurtleID2022_0180
14984,cluster_SeaTurtleID2022_0011
14985,cluster_SeaTurtleID2022_0165
14986,cluster_SeaTurtleID2022_0134
14987,cluster_SeaTurtleID2022_0075
14988,cluster_SeaTurtleID2022_0174
14989,cluster_SeaTurtleID2022_0297
14990,cluster_SeaTurtleID2022_0150
14991,cluster_SeaTurtleID2022_0251
14992,cluster_SeaTurtleID2022_0156
14993,cluster_SeaTurtleID2022_0284
14994,cluster_SeaTurtleID2022_0089
14995,cluster_SeaTurtleID2022_0286
14996,cluster_SeaTurtleID2022_0117
14997,cluster_SeaTurtleID2022_0130
14998,cluster_SeaTurtleID2022_0254
14999,cluster_SeaTurtleID2022_0158
15000,cluster_SeaTurtleID2022_0121
15001,cluster_SeaTurtleID2022_0248
15002,cluster_SeaTurtleID2022_0194
15003,cluster_SeaTurtleID2022_0119
15004,cluster_SeaTurtleID2022_0049
15005,cluster_SeaTurtleID2022_0144
15006,cluster_SeaTurtleID2022_0181
15007,cluster_SeaTurtleID2022_0082
15008,cluster_SeaTurtleID2022_0046
15009,cluster_SeaTurtleID2022_0208
15010,cluster_SeaTurtleID2022_0086
15011,cluster_SeaTurtleID2022_0185
15012,cluster_SeaTurtleID2022_0263
15013,cluster_SeaTurtleID2022_0017
15014,cluster_SeaTurtleID2022_0179
15015,cluster_SeaTurtleID2022_0182
15016,cluster_SeaTurtleID2022_0205
15017,cluster_SeaTurtleID2022_0084
15018,cluster_SeaTurtleID2022_0233
15019,cluster_SeaTurtleID2022_0168
15020,cluster_SeaTurtleID2022_0250
15021,cluster_SeaTurtleID2022_0172
15022,cluster_SeaTurtleID2022_0057
15023,cluster_SeaTurtleID2022_0210
15024,cluster_SeaTurtleID2022_0243
15025,cluster_SeaTurtleID2022_0268
15026,cluster_SeaTurtleID2022_0279
15027,cluster_SeaTurtleID2022_0227
15028,cluster_SeaTurtleID2022_0276
15029,cluster_SeaTurtleID2022_0139
15030,cluster_SeaTurtleID2022_0186
15031,cluster_SeaTurtleID2022_0240
15032,cluster_SeaTurtleID2022_0161
15033,cluster_SeaTurtleID2022_0194
15034,cluster_SeaTurtleID2022_0045
15035,cluster_SeaTurtleID2022_0273
15036,cluster_SeaTurtleID2022_0213
15037,cluster_SeaTurtleID2022_0240
15038,cluster_SeaTurtleID2022_0249
15039,cluster_SeaTurtleID2022_0163
15040,cluster_SeaTurtleID2022_0202
15041,cluster_SeaTurtleID2022_0266
15042,cluster_SeaTurtleID2022_0157
15043,cluster_SeaTurtleID2022_0268
15044,cluster_SeaTurtleID2022_0251
15045,cluster_SeaTurtleID2022_0195
15046,cluster_SeaTurtleID2022_0231
15047,cluster_SeaTurtleID2022_0123
15048,cluster_SeaTurtleID2022_0097
15049,cluster_SeaTurtleID2022_0149
15050,cluster_SeaTurtleID2022_0120
15051,cluster_SeaTurtleID2022_0099
15052,cluster_SeaTurtleID2022_0005
15053,cluster_SeaTurtleID2022_0107
15054,cluster_SeaTurtleID2022_0278
15055,cluster_SeaTurtleID2022_0092
15056,cluster_SeaTurtleID2022_0105
15057,cluster_SeaTurtleID2022_0264
15058,cluster_SeaTurtleID2022_0086
15059,cluster_SeaTurtleID2022_0115
15060,cluster_SeaTurtleID2022_0027
15061,cluster_SeaTurtleID2022_0109
15062,cluster_SeaTurtleID2022_0176
15063,cluster_SeaTurtleID2022_0299
15064,cluster_SeaTurtleID2022_0097
15065,cluster_SeaTurtleID2022_0155
15066,cluster_SeaTurtleID2022_0018
15067,cluster_SeaTurtleID2022_0205
15068,cluster_SeaTurtleID2022_0092
15069,cluster_SeaTurtleID2022_0012
15070,cluster_SeaTurtleID2022_0117
15071,cluster_SeaTurtleID2022_0136
15072,cluster_SeaTurtleID2022_0229
15073,cluster_SeaTurtleID2022_0024
15074,cluster_SeaTurtleID2022_0037
15075,cluster_SeaTurtleID2022_0247
15076,cluster_SeaTurtleID2022_0291
15077,cluster_SeaTurtleID2022_0060
15078,cluster_SeaTurtleID2022_0069
15079,cluster_SeaTurtleID2022_0270
15080,cluster_SeaTurtleID2022_0113
15081,cluster_SeaTurtleID2022_0260
15082,cluster_SeaTurtleID2022_0253
15083,cluster_SeaTurtleID2022_0272
15084,cluster_SeaTurtleID2022_0116
15085,cluster_SeaTurtleID2022_0137
15086,cluster_SeaTurtleID2022_0253
15087,cluster_SeaTurtleID2022_0143
15088,cluster_SeaTurtleID2022_0080
15089,cluster_SeaTurtleID2022_0164
15090,cluster_SeaTurtleID2022_0123
15091,cluster_SeaTurtleID2022_0175
15092,cluster_SeaTurtleID2022_0087
15093,cluster_SeaTurtleID2022_0113
15094,cluster_SeaTurtleID2022_0154
15095,cluster_SeaTurtleID2022_0287
15096,cluster_SeaTurtleID2022_0200
15097,cluster_SeaTurtleID2022_0041
15098,cluster_SeaTurtleID2022_0297
15099,cluster_SeaTurtleID2022_0173
15100,cluster_SeaTurtleID2022_0006
15101,cluster_SeaTurtleID2022_0218
15102,cluster_SeaTurtleID2022_0141
15103,cluster_SeaTurtleID2022_0211
15104,cluster_SeaTurtleID2022_0236
15105,cluster_SeaTurtleID2022_0170
15106,cluster_SeaTurtleID2022_0262
15107,cluster_SeaTurtleID2022_0216
15108,cluster_SeaTurtleID2022_0280
15109,cluster_SeaTurtleID2022_0227
15110,cluster_SeaTurtleID2022_0202
15111,cluster_SeaTurtleID2022_0147
15112,cluster_SeaTurtleID2022_0234
15113,cluster_SeaTurtleID2022_0094
15114,cluster_SeaTurtleID2022_0260
15115,cluster_SeaTurtleID2022_0122
15116,cluster_SeaTurtleID2022_0085
15117,cluster_SeaTurtleID2022_0294
15118,cluster_SeaTurtleID2022_0178
15119,cluster_SeaTurtleID2022_0211
15120,cluster_SeaTurtleID2022_0257
15121,cluster_SeaTurtleID2022_0235
15122,cluster_SeaTurtleID2022_0106
15123,cluster_SeaTurtleID2022_0291
15124,cluster_SeaTurtleID2022_0220
15125,cluster_SeaTurtleID2022_0104
15126,cluster_SeaTurtleID2022_0030
15127,cluster_SeaTurtleID2022_0291
15128,cluster_SeaTurtleID2022_0076
15129,cluster_SeaTurtleID2022_0140
15130,cluster_SeaTurtleID2022_0219
15131,cluster_SeaTurtleID2022_0215
15132,cluster_SeaTurtleID2022_0306
15133,cluster_SeaTurtleID2022_0223
15134,cluster_SeaTurtleID2022_0219
15135,cluster_SeaTurtleID2022_0288
15136,cluster_SeaTurtleID2022_0221
15137,cluster_SeaTurtleID2022_0204
15138,cluster_SeaTurtleID2022_0255
15139,cluster_SeaTurtleID2022_0050
15140,cluster_SeaTurtleID2022_0083
15141,cluster_SeaTurtleID2022_0034
15142,cluster_SeaTurtleID2022_0047
15143,cluster_SeaTurtleID2022_0267
15144,cluster_SeaTurtleID2022_0220
15145,cluster_SeaTurtleID2022_0133
15146,cluster_SeaTurtleID2022_0020
15147,cluster_SeaTurtleID2022_0146
15148,cluster_SeaTurtleID2022_0174
15149,cluster_SeaTurtleID2022_0096
15150,cluster_SeaTurtleID2022_0238
15151,cluster_SeaTurtleID2022_0257
15152,cluster_SeaTurtleID2022_0169
15153,cluster_SeaTurtleID2022_0171
15154,cluster_SeaTurtleID2022_0150
15155,cluster_SeaTurtleID2022_0103
15156,cluster_SeaTurtleID2022_0230
15157,cluster_SeaTurtleID2022_0142
15158,cluster_SeaTurtleID2022_0131
15159,cluster_SeaTurtleID2022_0148
15160,cluster_SeaTurtleID2022_0231
15161,cluster_SeaTurtleID2022_0132
15162,cluster_SeaTurtleID2022_0187
15163,cluster_SeaTurtleID2022_0209
15164,cluster_SeaTurtleID2022_0117
15165,cluster_SeaTurtleID2022_0188
15166,cluster_SeaTurtleID2022_0187
15167,cluster_SeaTurtleID2022_0228
15168,cluster_SeaTurtleID2022_0279
15169,cluster_SeaTurtleID2022_0263
15170,cluster_SeaTurtleID2022_0055
15171,cluster_SeaTurtleID2022_0105
15172,cluster_SeaTurtleID2022_0244
15173,cluster_SeaTurtleID2022_0082
15174,cluster_SeaTurtleID2022_0104
15175,cluster_SeaTurtleID2022_0113
15176,cluster_SeaTurtleID2022_0198
15177,cluster_SeaTurtleID2022_0284
15178,cluster_SeaTurtleID2022_0226
15179,cluster_SeaTurtleID2022_0008
15180,cluster_SeaTurtleID2022_0209
15181,cluster_SeaTurtleID2022_0305
15182,cluster_SeaTurtleID2022_0145
15183,cluster_SeaTurtleID2022_0210
15184,cluster_SeaTurtleID2022_0206
15185,cluster_SeaTurtleID2022_0025
15186,cluster_SeaTurtleID2022_0249
15187,cluster_SeaTurtleID2022_0125
15188,cluster_SeaTurtleID2022_0138
15189,cluster_SeaTurtleID2022_0095
15190,cluster_SeaTurtleID2022_0226
15191,cluster_SeaTurtleID2022_0259
15192,cluster_SeaTurtleID2022_0207
15193,cluster_SeaTurtleID2022_0219
15194,cluster_SeaTurtleID2022_0165
15195,cluster_SeaTurtleID2022_0134
15196,cluster_SeaTurtleID2022_0220
15197,cluster_SeaTurtleID2022_0208
15198,cluster_SeaTurtleID2022_0279
15199,cluster_SeaTurtleID2022_0240
15200,cluster_SeaTurtleID2022_0138
15201,cluster_SeaTurtleID2022_0105
15202,cluster_SeaTurtleID2022_0289
15203,cluster_SeaTurtleID2022_0239
15204,cluster_SeaTurtleID2022_0296
15205,cluster_SeaTurtleID2022_0036
15206,cluster_SeaTurtleID2022_0115
15207,cluster_SeaTurtleID2022_0070
15208,cluster_SeaTurtleID2022_0136
15209,cluster_TexasHornedLizards_0000
15210,cluster_TexasHornedLizards_0001
15211,cluster_TexasHornedLizards_0002
15212,cluster_TexasHornedLizards_0003
15213,cluster_TexasHornedLizards_0004
15214,cluster_TexasHornedLizards_0005
15215,cluster_TexasHornedLizards_0006
15216,cluster_TexasHornedLizards_0007
15217,cluster_TexasHornedLizards_0008
15218,cluster_TexasHornedLizards_0009
15219,cluster_TexasHornedLizards_0010
15220,cluster_TexasHornedLizards_0011
15221,cluster_TexasHornedLizards_0012
15222,cluster_TexasHornedLizards_0013
15223,cluster_TexasHornedLizards_0014
15224,cluster_TexasHornedLizards_0015
15225,cluster_TexasHornedLizards_0016
15226,cluster_TexasHornedLizards_0017
15227,cluster_TexasHornedLizards_0018
15228,cluster_TexasHornedLizards_0019
15229,cluster_TexasHornedLizards_0020
15230,cluster_TexasHornedLizards_0021
15231,cluster_TexasHornedLizards_0022
15232,cluster_TexasHornedLizards_0023
15233,cluster_TexasHornedLizards_0024
15234,cluster_TexasHornedLizards_0025
15235,cluster_TexasHornedLizards_0026
15236,cluster_TexasHornedLizards_0027
15237,cluster_TexasHornedLizards_0028
15238,cluster_TexasHornedLizards_0029
15239,cluster_TexasHornedLizards_0030
15240,cluster_TexasHornedLizards_0031
15241,cluster_TexasHornedLizards_0032
15242,cluster_TexasHornedLizards_0033
15243,cluster_TexasHornedLizards_0034
15244,cluster_TexasHornedLizards_0035
15245,cluster_TexasHornedLizards_0036
15246,cluster_TexasHornedLizards_0037
15247,cluster_TexasHornedLizards_0038
15248,cluster_TexasHornedLizards_0039
15249,cluster_TexasHornedLizards_0040
15250,cluster_TexasHornedLizards_0041
15251,cluster_TexasHornedLizards_0042
15252,cluster_TexasHornedLizards_0043
15253,cluster_TexasHornedLizards_0044
15254,cluster_TexasHornedLizards_0045
15255,cluster_TexasHornedLizards_0046
15256,cluster_TexasHornedLizards_0047
15257,cluster_TexasHornedLizards_0048
15258,cluster_TexasHornedLizards_0049
15259,cluster_TexasHornedLizards_0050
15260,cluster_TexasHornedLizards_0051
15261,cluster_TexasHornedLizards_0052
15262,cluster_TexasHornedLizards_0053
15263,cluster_TexasHornedLizards_0054
15264,cluster_TexasHornedLizards_0055
15265,cluster_TexasHornedLizards_0056
15266,cluster_TexasHornedLizards_0057
15267,cluster_TexasHornedLizards_0058
15268,cluster_TexasHornedLizards_0059
15269,cluster_TexasHornedLizards_0060
15270,cluster_TexasHornedLizards_0061
15271,cluster_TexasHornedLizards_0062
15272,cluster_TexasHornedLizards_0063
15273,cluster_TexasHornedLizards_0064
15274,cluster_TexasHornedLizards_0065
15275,cluster_TexasHornedLizards_0066
15276,cluster_TexasHornedLizards_0067
15277,cluster_TexasHornedLizards_0068
15278,cluster_TexasHornedLizards_0069
15279,cluster_TexasHornedLizards_0070
15280,cluster_TexasHornedLizards_0071
15281,cluster_TexasHornedLizards_0072
15282,cluster_TexasHornedLizards_0073
15283,cluster_TexasHornedLizards_0074
15284,cluster_TexasHornedLizards_0075
15285,cluster_TexasHornedLizards_0076
15286,cluster_TexasHornedLizards_0077
15287,cluster_TexasHornedLizards_0078
15288,cluster_TexasHornedLizards_0079
15289,cluster_TexasHornedLizards_0080
15290,cluster_TexasHornedLizards_0081
15291,cluster_TexasHornedLizards_0082
15292,cluster_TexasHornedLizards_0083
15293,cluster_TexasHornedLizards_0084
15294,cluster_TexasHornedLizards_0085
15295,cluster_TexasHornedLizards_0086
15296,cluster_TexasHornedLizards_0087
15297,cluster_TexasHornedLizards_0088
15298,cluster_TexasHornedLizards_0089
15299,cluster_TexasHornedLizards_0090
15300,cluster_TexasHornedLizards_0091
15301,cluster_TexasHornedLizards_0092
15302,cluster_TexasHornedLizards_0093
15303,cluster_TexasHornedLizards_0094
15304,cluster_TexasHornedLizards_0095
15305,cluster_TexasHornedLizards_0096
15306,cluster_TexasHornedLizards_0097
15307,cluster_TexasHornedLizards_0098
15308,cluster_TexasHornedLizards_0099
15309,cluster_TexasHornedLizards_0100
15310,cluster_TexasHornedLizards_0101
15311,cluster_TexasHornedLizards_0102
15312,cluster_TexasHornedLizards_0103
15313,cluster_TexasHornedLizards_0104
15314,cluster_TexasHornedLizards_0105
15315,cluster_TexasHornedLizards_0106
15316,cluster_TexasHornedLizards_0107
15317,cluster_TexasHornedLizards_0108
15318,cluster_TexasHornedLizards_0109
15319,cluster_TexasHornedLizards_0110
15320,cluster_TexasHornedLizards_0111
15321,cluster_TexasHornedLizards_0112
15322,cluster_TexasHornedLizards_0113
15323,cluster_TexasHornedLizards_0114
15324,cluster_TexasHornedLizards_0115
15325,cluster_TexasHornedLizards_0116
15326,cluster_TexasHornedLizards_0117
15327,cluster_TexasHornedLizards_0118
15328,cluster_TexasHornedLizards_0119
15329,cluster_TexasHornedLizards_0120
15330,cluster_TexasHornedLizards_0121
15331,cluster_TexasHornedLizards_0122
15332,cluster_TexasHornedLizards_0123
15333,cluster_TexasHornedLizards_0124
15334,cluster_TexasHornedLizards_0125
15335,cluster_TexasHornedLizards_0126
15336,cluster_TexasHornedLizards_0127
15337,cluster_TexasHornedLizards_0128
15338,cluster_TexasHornedLizards_0129
15339,cluster_TexasHornedLizards_0130
15340,cluster_TexasHornedLizards_0131
15341,cluster_TexasHornedLizards_0132
15342,cluster_TexasHornedLizards_0133
15343,cluster_TexasHornedLizards_0134
15344,cluster_TexasHornedLizards_0135
15345,cluster_TexasHornedLizards_0136
15346,cluster_TexasHornedLizards_0137
15347,cluster_TexasHornedLizards_0138
15348,cluster_TexasHornedLizards_0139
15349,cluster_TexasHornedLizards_0140
15350,cluster_TexasHornedLizards_0141
15351,cluster_TexasHornedLizards_0142
15352,cluster_TexasHornedLizards_0143
15353,cluster_TexasHornedLizards_0144
15354,cluster_TexasHornedLizards_0145
15355,cluster_TexasHornedLizards_0146
15356,cluster_TexasHornedLizards_0147
15357,cluster_TexasHornedLizards_0148
15358,cluster_TexasHornedLizards_0149
15359,cluster_TexasHornedLizards_0150
15360,cluster_TexasHornedLizards_0151
15361,cluster_TexasHornedLizards_0152
15362,cluster_TexasHornedLizards_0153
15363,cluster_TexasHornedLizards_0154
15364,cluster_TexasHornedLizards_0155
15365,cluster_TexasHornedLizards_0156
15366,cluster_TexasHornedLizards_0157
15367,cluster_TexasHornedLizards_0158
15368,cluster_TexasHornedLizards_0159
15369,cluster_TexasHornedLizards_0160
15370,cluster_TexasHornedLizards_0161
15371,cluster_TexasHornedLizards_0162
15372,cluster_TexasHornedLizards_0163
15373,cluster_TexasHornedLizards_0164
15374,cluster_TexasHornedLizards_0165
15375,cluster_TexasHornedLizards_0166
15376,cluster_TexasHornedLizards_0167
15377,cluster_TexasHornedLizards_0168
15378,cluster_TexasHornedLizards_0169
15379,cluster_TexasHornedLizards_0170
15380,cluster_TexasHornedLizards_0171
15381,cluster_TexasHornedLizards_0172
15382,cluster_TexasHornedLizards_0173
15383,cluster_TexasHornedLizards_0174
15384,cluster_TexasHornedLizards_0175
15385,cluster_TexasHornedLizards_0176
15386,cluster_TexasHornedLizards_0177
15387,cluster_TexasHornedLizards_0178
15388,cluster_TexasHornedLizards_0179
15389,cluster_TexasHornedLizards_0180
15390,cluster_TexasHornedLizards_0181
15391,cluster_TexasHornedLizards_0182
15392,cluster_TexasHornedLizards_0183
15393,cluster_TexasHornedLizards_0184
15394,cluster_TexasHornedLizards_0185
15395,cluster_TexasHornedLizards_0186
15396,cluster_TexasHornedLizards_0187
15397,cluster_TexasHornedLizards_0188
15398,cluster_TexasHornedLizards_0189
15399,cluster_TexasHornedLizards_0190
15400,cluster_TexasHornedLizards_0191
15401,cluster_TexasHornedLizards_0192
15402,cluster_TexasHornedLizards_0193
15403,cluster_TexasHornedLizards_0194
15404,cluster_TexasHornedLizards_0195
15405,cluster_TexasHornedLizards_0196
15406,cluster_TexasHornedLizards_0197
15407,cluster_TexasHornedLizards_0198
15408,cluster_TexasHornedLizards_0199
15409,cluster_TexasHornedLizards_0200
15410,cluster_TexasHornedLizards_0201
15411,cluster_TexasHornedLizards_0202
15412,cluster_TexasHornedLizards_0203
15413,cluster_TexasHornedLizards_0204
15414,cluster_TexasHornedLizards_0205
15415,cluster_TexasHornedLizards_0206
15416,cluster_TexasHornedLizards_0207
15417,cluster_TexasHornedLizards_0208
15418,cluster_TexasHornedLizards_0209
15419,cluster_TexasHornedLizards_0210
15420,cluster_TexasHornedLizards_0211
15421,cluster_TexasHornedLizards_0212
15422,cluster_TexasHornedLizards_0213
15423,cluster_TexasHornedLizards_0214
15424,cluster_TexasHornedLizards_0215
15425,cluster_TexasHornedLizards_0216
15426,cluster_TexasHornedLizards_0217
15427,cluster_TexasHornedLizards_0218
15428,cluster_TexasHornedLizards_0219
15429,cluster_TexasHornedLizards_0220
15430,cluster_TexasHornedLizards_0221
15431,cluster_TexasHornedLizards_0222
15432,cluster_TexasHornedLizards_0223
15433,cluster_TexasHornedLizards_0224
15434,cluster_TexasHornedLizards_0225
15435,cluster_TexasHornedLizards_0226
15436,cluster_TexasHornedLizards_0227
15437,cluster_TexasHornedLizards_0228
15438,cluster_TexasHornedLizards_0229
15439,cluster_TexasHornedLizards_0230
15440,cluster_TexasHornedLizards_0231
15441,cluster_TexasHornedLizards_0232
15442,cluster_TexasHornedLizards_0233
15443,cluster_TexasHornedLizards_0234
15444,cluster_TexasHornedLizards_0235
15445,cluster_TexasHornedLizards_0236
15446,cluster_TexasHornedLizards_0237
15447,cluster_TexasHornedLizards_0238
15448,cluster_TexasHornedLizards_0239
15449,cluster_TexasHornedLizards_0240
15450,cluster_TexasHornedLizards_0241
15451,cluster_TexasHornedLizards_0242
15452,cluster_TexasHornedLizards_0243
15453,cluster_TexasHornedLizards_0244
15454,cluster_TexasHornedLizards_0245
15455,cluster_TexasHornedLizards_0246
15456,cluster_TexasHornedLizards_0247
15457,cluster_TexasHornedLizards_0248
15458,cluster_TexasHornedLizards_0249
15459,cluster_TexasHornedLizards_0250
15460,cluster_TexasHornedLizards_0251
15461,cluster_TexasHornedLizards_0252
15462,cluster_TexasHornedLizards_0253
15463,cluster_TexasHornedLizards_0254
15464,cluster_TexasHornedLizards_0255
15465,cluster_TexasHornedLizards_0256
15466,cluster_TexasHornedLizards_0257
15467,cluster_TexasHornedLizards_0258
15468,cluster_TexasHornedLizards_0259
15469,cluster_TexasHornedLizards_0260
15470,cluster_TexasHornedLizards_0261
15471,cluster_TexasHornedLizards_0262
15472,cluster_TexasHornedLizards_0263
15473,cluster_TexasHornedLizards_0264
15474,cluster_TexasHornedLizards_0265
15475,cluster_TexasHornedLizards_0266
15476,cluster_TexasHornedLizards_0267
15477,cluster_TexasHornedLizards_0268
15478,cluster_TexasHornedLizards_0269
15479,cluster_TexasHornedLizards_0270
15480,cluster_TexasHornedLizards_0271
15481,cluster_TexasHornedLizards_0272
15482,cluster_TexasHornedLizards_0273
